-- 创建数据库
CREATE DATABASE IF NOT EXISTS school DEFAULT CHARSET utf8mb4;
-- 使用数据库
use school;
-- 初始化
SET
  NAMES utf8mb4;
SET
  FOREIGN_KEY_CHECKS = 0;
-- 创建用户表
  CREATE TABLE IF NOT EXISTS `user` (
    `id` int NOT NULL AUTO_INCREMENT,
    `name` varchar(20) NOT NULL,
    `password` varchar(100) NOT NULL,
    `email` varchar(50) NOT NULL DEFAULT '0',
    `type` int NOT NULL,
    `user` VARCHAR(50) NOT NULL,
    `file` VARCHAR(500),
    `disable` int NOT NULL,
    PRIMARY KEY (`id`)
  ) ENGINE = InnoDB CHARACTER SET = utf8mb4;
-- 创建管理员
  CREATE TABLE IF NOT EXISTS `admin` (
    `id` VARCHAR(50) NOT NULL,
    `real_name` varchar(50) NOT NULL DEFAULT '',
    `phone` varchar(50) NOT NULL DEFAULT '',
    `sex` tinyint(4) NOT NULL DEFAULT 0,
    `create_time` timestamp(0) NOT NULL DEFAULT CURRENT_TIMESTAMP(0) COMMENT '创建时间',
    PRIMARY KEY (`id`) USING BTREE
  ) ENGINE = InnoDB AUTO_INCREMENT = 20 CHARACTER SET = utf8mb4 COLLATE = utf8mb4_0900_ai_ci ROW_FORMAT = Dynamic;
-- 课程表
  CREATE TABLE IF NOT EXISTS `course` (
    `id` varchar(50) NOT NULL DEFAULT '' COMMENT '编号',
    `name` varchar(40) NOT NULL COMMENT '课程名',
    `credits` decimal(4, 1) NOT NULL DEFAULT 2.0 COMMENT '学分',
    `score` int(11) NOT NULL DEFAULT 100 COMMENT '满分',
    `number` int(4) NOT NULL DEFAULT 32 COMMENT '课时',
    `year` int(6) NOT NULL DEFAULT 2016 COMMENT '届时',
    `term` tinyint(4) NOT NULL DEFAULT 0 COMMENT '学期',
    `type` tinyint(4) NOT NULL DEFAULT 1 COMMENT '类别 1必修 2选修',
    `profession` varchar(50) NOT NULL DEFAULT '' COMMENT '专业',
    `create_time` timestamp(0) NOT NULL DEFAULT CURRENT_TIMESTAMP(0),
    PRIMARY KEY (`id`) USING BTREE
  ) ENGINE = InnoDB CHARACTER SET = utf8mb4 COLLATE = utf8mb4_0900_ai_ci ROW_FORMAT = Dynamic;
-- 课程信息
  CREATE TABLE IF NOT EXISTS `course_info` (
    `id` int(11) NOT NULL AUTO_INCREMENT,
    `course_id` varchar(50) NOT NULL,
    `start` int(11) NOT NULL,
    `end` int(11) NOT NULL,
    `room` varchar(50) NULL DEFAULT NULL,
    `profession` varchar(50) NULL DEFAULT NULL,
    PRIMARY KEY (`id`) USING BTREE
  ) ENGINE = InnoDB AUTO_INCREMENT = 32 CHARACTER SET = utf8mb4 COLLATE = utf8mb4_0900_ai_ci ROW_FORMAT = Dynamic;
-- 专业表
  CREATE TABLE IF NOT EXISTS `profession` (
    `id` int(11) NOT NULL AUTO_INCREMENT,
    `name` varchar(50) NOT NULL,
    PRIMARY KEY (`id`) USING BTREE
  ) ENGINE = InnoDB AUTO_INCREMENT = 13 CHARACTER SET = utf8mb4 COLLATE = utf8mb4_0900_ai_ci ROW_FORMAT = Dynamic;
-- 学生表
  CREATE TABLE IF NOT EXISTS `student` (
    `id` VARCHAR(50) NOT NULL,
    `real_name` varchar(50) NOT NULL DEFAULT '',
    `school` varchar(50) NOT NULL DEFAULT '',
    `admission_time` varchar(50) NOT NULL DEFAULT '',
    `profession` varchar(50) NOT NULL DEFAULT '',
    `grade` int(11) NOT NULL,
    `phone` varchar(50) NOT NULL DEFAULT '',
    `sex` tinyint(4) NOT NULL DEFAULT 0,
    `create_time` timestamp(0) NOT NULL DEFAULT CURRENT_TIMESTAMP(0) COMMENT '创建时间',
    PRIMARY KEY (`id`) USING BTREE
  ) ENGINE = InnoDB CHARACTER SET = utf8mb4 COLLATE = utf8mb4_0900_ai_ci ROW_FORMAT = Dynamic;
-- 选修表
  CREATE TABLE IF NOT EXISTS `score` (
    `id` int(11) NOT NULL AUTO_INCREMENT,
    `student_id` varchar(255) NOT NULL,
    `course_id` varchar(255) NOT NULL,
    `name` varchar(255) NOT NULL,
    `score` varchar(11) NOT NULL,
    `point` decimal(4, 2) NOT NULL,
    `credits` decimal(4, 2) NOT NULL,
    `term` tinyint(4) NOT NULL,
    `year` int(11) NOT NULL,
    PRIMARY KEY (`id`) USING BTREE
  ) ENGINE = InnoDB AUTO_INCREMENT = 475 CHARACTER SET = utf8mb4 COLLATE = utf8mb4_0900_ai_ci ROW_FORMAT = Dynamic;
-- 教师表
  CREATE TABLE IF NOT EXISTS `teacher` (
    `id` VARCHAR(50) NOT NULL,
    `real_name` varchar(50) NOT NULL DEFAULT '',
    `school` varchar(50) NOT NULL DEFAULT '',
    `phone` varchar(50) NOT NULL DEFAULT '',
    `sex` tinyint(4) NOT NULL DEFAULT 0,
    `create_time` timestamp(0) NOT NULL DEFAULT CURRENT_TIMESTAMP(0) COMMENT '创建时间',
    PRIMARY KEY (`id`) USING BTREE
  ) ENGINE = InnoDB AUTO_INCREMENT = 3890311 CHARACTER SET = utf8mb4 COLLATE = utf8mb4_0900_ai_ci ROW_FORMAT = Dynamic;
-- 教授表
  CREATE TABLE IF NOT EXISTS `teach` (
    `id` int(11) NOT NULL AUTO_INCREMENT,
    `teacher_id` varchar(20) NOT NULL,
    `name` varchar(255) NOT NULL,
    `profession` varchar(255) NOT NULL,
    `grade` varchar(255) NOT NULL,
    `term` tinyint(4) NOT NULL,
    `course_id` varchar(50) NOT NULL,
    PRIMARY KEY (`id`) USING BTREE
  ) ENGINE = InnoDB AUTO_INCREMENT = 27 CHARACTER SET = utf8mb4 COLLATE = utf8mb4_0900_ai_ci ROW_FORMAT = Dynamic;
-- 导入数据
  -- 导入账号数据
  -- 0 管理员 1 教师 2 学生
INSERT INTO
  admin(id, real_name, phone, sex, create_time)
VALUES(
    '100001',
    '庄江辉',
    '15659441699',
    0,
    '2020-03-28 15:06:24'
  );
INSERT INTO
  course(
    id,
    name,
    credits,
    score,
    number,
    year,
    term,
    type,
    profession,
    create_time
  )
VALUES(
    '2016011001',
    '数字电路基础',
    4.0,
    100,
    18,
    2016,
    1,
    1,
    '电子信息工程',
    '2020-05-04 21:36:06'
  ),(
    '2016011002',
    '大学物理',
    4.0,
    100,
    20,
    2016,
    1,
    1,
    '电子信息工程',
    '2020-05-04 21:36:05'
  ),(
    '2016011003',
    '线性代数',
    1.0,
    100,
    18,
    2016,
    1,
    1,
    '电子信息工程',
    '2020-05-04 21:36:04'
  ),(
    '2016011004',
    '复变函数',
    2.0,
    100,
    18,
    2016,
    1,
    1,
    '电子信息工程',
    '2020-05-04 21:36:03'
  ),(
    '2016011005',
    '模拟电子线路',
    4.0,
    100,
    18,
    2016,
    1,
    1,
    '电子信息工程',
    '2020-05-04 21:36:02'
  ),(
    '2016011006',
    '信号与系统',
    2.0,
    100,
    18,
    2016,
    1,
    1,
    '电子信息工程',
    '2020-05-04 21:36:01'
  ),(
    '2016011007',
    '大学英语',
    4.0,
    100,
    18,
    2016,
    1,
    1,
    '电子信息工程',
    '2020-05-04 21:36:07'
  ),(
    '2016011008',
    '体育',
    1.0,
    100,
    16,
    2016,
    1,
    1,
    '电子信息工程',
    '2020-05-04 21:36:08'
  ),(
    '2016011009',
    '电子技术',
    2.0,
    100,
    16,
    2016,
    1,
    1,
    '电子信息工程',
    '2020-05-04 21:36:09'
  ),(
    '2016011010',
    '多媒体技术',
    2.0,
    100,
    18,
    2016,
    1,
    1,
    '电子信息工程',
    '2020-05-04 21:36:10'
  ),(
    '2016021001',
    '物联网工程导论',
    2.0,
    100,
    18,
    2016,
    1,
    1,
    '物联网',
    '2020-05-04 21:36:10'
  ),(
    '2016021002',
    '物联网安全',
    2.0,
    100,
    18,
    2016,
    1,
    1,
    '物联网',
    '2020-05-04 21:40:55'
  ),(
    '2016021003',
    '现代通信技术',
    1.0,
    100,
    18,
    2016,
    1,
    1,
    '物联网',
    '2020-05-04 21:47:11'
  ),(
    '2016021004',
    '无线传感器网络',
    4.0,
    100,
    18,
    2016,
    1,
    1,
    '物联网',
    '2020-05-04 21:51:16'
  ),(
    '2016021005',
    '现代传感器技术',
    2.0,
    100,
    18,
    2016,
    1,
    1,
    '物联网',
    '2020-05-04 21:52:23'
  ),(
    '2016021006',
    '信号与系统概论',
    2.0,
    100,
    18,
    2016,
    1,
    1,
    '物联网',
    '2020-05-04 21:53:33'
  ),(
    '2016031001',
    '计算机网络技术',
    1.0,
    100,
    18,
    2016,
    1,
    1,
    '计算机',
    '2020-05-04 21:54:51'
  ),(
    '2016031002',
    '网络与通信',
    1.0,
    100,
    18,
    2016,
    1,
    1,
    '计算机',
    '2020-05-04 21:55:28'
  ),(
    '2016031003',
    '计算机安全',
    2.0,
    100,
    15,
    2016,
    1,
    1,
    '计算机',
    '2020-05-04 21:55:51'
  ),(
    '2016031004',
    '算法与数据结构',
    4.0,
    100,
    18,
    2016,
    1,
    1,
    '计算机',
    '2020-05-04 21:56:17'
  ),(
    '2016031005',
    '多媒体信息处理',
    2.0,
    100,
    14,
    2016,
    1,
    1,
    '计算机',
    '2020-05-04 21:56:42'
  ),(
    '2016031006',
    '计算机组成原理',
    2.0,
    100,
    18,
    2016,
    1,
    1,
    '计算机',
    '2020-05-04 21:57:38'
  ),(
    '2016041001',
    '高频电子线路',
    4.0,
    100,
    18,
    2016,
    1,
    1,
    '通信工程',
    '2020-05-04 21:58:30'
  ),(
    '2016041002',
    '光纤通讯',
    2.0,
    100,
    16,
    2016,
    1,
    1,
    '通信工程',
    '2020-05-04 21:58:44'
  ),(
    '2016041003',
    '移动通讯',
    1.0,
    100,
    18,
    2016,
    1,
    1,
    '通信工程',
    '2020-05-04 21:58:59'
  ),(
    '2016041004',
    '电路分析',
    1.0,
    100,
    18,
    2016,
    1,
    1,
    '通信工程',
    '2020-05-04 21:59:12'
  ),(
    '2016041005',
    '程控交换技术',
    2.0,
    100,
    18,
    2016,
    1,
    1,
    '通信工程',
    '2020-05-04 22:05:37'
  ),(
    '2016041006',
    '通信原理',
    4.0,
    100,
    18,
    2016,
    1,
    1,
    '通信工程',
    '2020-05-04 22:05:57'
  );
INSERT INTO
  course_info(id, course_id, start,end,
  room,
  profession
)
VALUES(1, '2016011001', 1, 25, '404', '电子信息工程'),(2, '2016011002', 1, 25, '401', '电子信息工程'),(3, '2016011003', 1, 25, '403', '电子信息工程'),(4, '2016011004', 1, 25, '406', '电子信息工程'),(5, '2016011005', 1, 25, '405', '电子信息工程'),(6, '2016011006', 1, 25, '402', '电子信息工程'),(7, '2016021001', 1, 25, '505', '物联网'),(8, '2016021002', 1, 25, NULL, '物联网'),(9, '2016021003', 1, 25, NULL, '物联网'),(10, '2016021005', 1, 25, NULL, '物联网'),(11, '2016021006', 1, 25, NULL, '物联网'),(12, '2016031001', 1, 25, '506', '计算机'),(13, '2016031002', 1, 25, NULL, '计算机'),(14, '2016031003', 1, 25, NULL, '计算机'),(15, '2016031004', 1, 25, NULL, '计算机'),(16, '2016031005', 1, 25, NULL, '计算机'),(17, '2016031006', 1, 25, NULL, '计算机'),(18, '2016041001', 1, 25, '506', '通信工程'),(19, '2016041002', 1, 25, NULL, '通信工程'),(20, '2016041003', 1, 25, NULL, '通信工程'),(21, '2016021004', 1, 25, NULL, '物联网'),(22, '2016041004', 1, 25, NULL, '通信工程'),(23, '2016041005', 1, 25, NULL, '通信工程'),(24, '2016041006', 1, 25, NULL, '通信工程'),(27, '2016011007', 1, 25, NULL, '电子信息工程'),(28, '2016011008', 1, 25, NULL, '电子信息工程'),(29, '2016011009', 1, 25, NULL, '电子信息工程'),(30, '2016011010', 1, 25, NULL, '电子信息工程');
INSERT INTO
  profession(id, name)
VALUES(1, '电子信息工程'),(2, '物联网'),(3, '计算机'),(4, '通信工程'),(5, '土木工程'),(6, '网络工程'),(7, '工程造价'),(8, '会计'),(9, '环境工程'),(12, '123'),(13, '软件工程');
INSERT INTO
  score(
    id,
    student_id,
    course_id,
    name,
    score,
    point,
    credits,
    term,
    year
  )
VALUES(
    1,
    '3168901101',
    '2016011001',
    '数字电路基础',
    '75',
    2.50,
    4.00,
    1,
    2016
  ),(
    2,
    '3168901102',
    '2016011001',
    '数字电路基础',
    '76',
    2.60,
    4.00,
    1,
    2016
  ),(
    3,
    '3168901103',
    '2016011001',
    '数字电路基础',
    '76',
    2.60,
    4.00,
    1,
    2016
  ),(
    4,
    '3168901104',
    '2016011001',
    '数字电路基础',
    '78',
    2.80,
    4.00,
    1,
    2016
  ),(
    5,
    '3168901105',
    '2016011001',
    '数字电路基础',
    '76',
    2.60,
    4.00,
    1,
    2016
  ),(
    6,
    '3168901106',
    '2016011001',
    '数字电路基础',
    '98',
    4.80,
    4.00,
    1,
    2016
  ),(
    7,
    '3168901107',
    '2016011001',
    '数字电路基础',
    '76',
    2.60,
    4.00,
    1,
    2016
  ),(
    8,
    '3168901108',
    '2016011001',
    '数字电路基础',
    '55',
    0.00,
    0.00,
    1,
    2016
  ),(
    9,
    '3168901109',
    '2016011001',
    '数字电路基础',
    '67',
    1.70,
    4.00,
    1,
    2016
  ),(
    10,
    '3168901110',
    '2016011001',
    '数字电路基础',
    '76',
    2.60,
    4.00,
    1,
    2016
  ),(
    11,
    '3168901111',
    '2016011001',
    '数字电路基础',
    '32',
    0.00,
    0.00,
    1,
    2016
  ),(
    12,
    '3168901112',
    '2016011001',
    '数字电路基础',
    '43',
    0.00,
    0.00,
    1,
    2016
  ),(
    13,
    '3168901113',
    '2016011001',
    '数字电路基础',
    '100',
    5.00,
    4.00,
    1,
    2016
  ),(
    14,
    '3168901114',
    '2016011001',
    '数字电路基础',
    '100',
    5.00,
    4.00,
    1,
    2016
  ),(
    15,
    '3168901115',
    '2016011001',
    '数字电路基础',
    '23',
    0.00,
    0.00,
    1,
    2016
  ),(
    16,
    '3168901116',
    '2016011001',
    '数字电路基础',
    '54',
    0.00,
    0.00,
    1,
    2016
  ),(
    17,
    '3168901117',
    '2016011001',
    '数字电路基础',
    '64',
    1.40,
    4.00,
    1,
    2016
  ),(
    18,
    '3168901118',
    '2016011001',
    '数字电路基础',
    '54',
    0.00,
    0.00,
    1,
    2016
  ),(
    19,
    '3168901119',
    '2016011001',
    '数字电路基础',
    '34',
    0.00,
    0.00,
    1,
    2016
  ),(
    20,
    '3168901120',
    '2016011001',
    '数字电路基础',
    '54',
    0.00,
    0.00,
    1,
    2016
  ),(
    21,
    '3168901121',
    '2016011001',
    '数字电路基础',
    '54',
    0.00,
    0.00,
    1,
    2016
  ),(
    22,
    '3168901122',
    '2016011001',
    '数字电路基础',
    '34',
    0.00,
    0.00,
    1,
    2016
  ),(
    23,
    '3168901123',
    '2016011001',
    '数字电路基础',
    '54',
    0.00,
    0.00,
    1,
    2016
  ),(
    24,
    '3168901124',
    '2016011001',
    '数字电路基础',
    '34',
    0.00,
    0.00,
    1,
    2016
  ),(
    25,
    '3168901125',
    '2016011001',
    '数字电路基础',
    '100',
    5.00,
    4.00,
    1,
    2016
  ),(
    26,
    '3168901126',
    '2016011001',
    '数字电路基础',
    '75',
    2.50,
    4.00,
    1,
    2016
  ),(
    27,
    '3168901127',
    '2016011001',
    '数字电路基础',
    '76',
    2.60,
    4.00,
    1,
    2016
  ),(
    28,
    '3168901128',
    '2016011001',
    '数字电路基础',
    '54',
    0.00,
    0.00,
    1,
    2016
  ),(
    29,
    '3168901129',
    '2016011001',
    '数字电路基础',
    '65',
    1.50,
    4.00,
    1,
    2016
  ),(
    30,
    '3168901130',
    '2016011001',
    '数字电路基础',
    '76',
    2.60,
    4.00,
    1,
    2016
  ),(
    31,
    '3168901131',
    '2016011001',
    '数字电路基础',
    '100',
    5.00,
    4.00,
    1,
    2016
  ),(
    32,
    '3168901132',
    '2016011001',
    '数字电路基础',
    '65',
    1.50,
    4.00,
    1,
    2016
  ),(
    33,
    '3168901133',
    '2016011001',
    '数字电路基础',
    '65',
    1.50,
    4.00,
    1,
    2016
  ),(
    34,
    '3168901134',
    '2016011001',
    '数字电路基础',
    '45',
    0.00,
    0.00,
    1,
    2016
  ),(
    35,
    '3168901135',
    '2016011001',
    '数字电路基础',
    '76',
    2.60,
    4.00,
    1,
    2016
  ),(
    36,
    '3168901136',
    '2016011001',
    '数字电路基础',
    '56',
    0.00,
    0.00,
    1,
    2016
  ),(
    37,
    '3168901137',
    '2016011001',
    '数字电路基础',
    '76',
    2.60,
    4.00,
    1,
    2016
  ),(
    38,
    '3168901138',
    '2016011001',
    '数字电路基础',
    '54',
    0.00,
    0.00,
    1,
    2016
  ),(
    39,
    '3168901139',
    '2016011001',
    '数字电路基础',
    '76',
    2.60,
    4.00,
    1,
    2016
  ),(
    40,
    '3168901140',
    '2016011001',
    '数字电路基础',
    '54',
    0.00,
    0.00,
    1,
    2016
  ),(
    41,
    '3168901141',
    '2016011001',
    '数字电路基础',
    '100',
    5.00,
    4.00,
    1,
    2016
  ),(
    42,
    '3168901142',
    '2016011001',
    '数字电路基础',
    '54',
    0.00,
    0.00,
    1,
    2016
  ),(
    43,
    '3168901143',
    '2016011001',
    '数字电路基础',
    '100',
    5.00,
    4.00,
    1,
    2016
  ),(
    44,
    '3168901144',
    '2016011001',
    '数字电路基础',
    '100',
    5.00,
    4.00,
    1,
    2016
  ),(
    45,
    '3168901145',
    '2016011001',
    '数字电路基础',
    '65',
    1.50,
    4.00,
    1,
    2016
  ),(
    46,
    '3168901146',
    '2016011001',
    '数字电路基础',
    '76',
    2.60,
    4.00,
    1,
    2016
  ),(
    47,
    '3168901147',
    '2016011001',
    '数字电路基础',
    '100',
    5.00,
    4.00,
    1,
    2016
  ),(
    48,
    '3168901148',
    '2016011001',
    '数字电路基础',
    '56',
    0.00,
    0.00,
    1,
    2016
  ),(
    49,
    '3168901149',
    '2016011001',
    '数字电路基础',
    '76',
    2.60,
    4.00,
    1,
    2016
  ),(
    50,
    '3168901150',
    '2016011001',
    '数字电路基础',
    '45',
    0.00,
    0.00,
    1,
    2016
  ),(
    51,
    '3168901101',
    '2016011002',
    '大学物理',
    '65',
    1.50,
    4.00,
    1,
    2016
  ),(
    52,
    '3168901102',
    '2016011002',
    '大学物理',
    '65',
    1.50,
    4.00,
    1,
    2016
  ),(
    53,
    '3168901103',
    '2016011002',
    '大学物理',
    '76',
    2.60,
    4.00,
    1,
    2016
  ),(
    54,
    '3168901104',
    '2016011002',
    '大学物理',
    '56',
    0.00,
    0.00,
    1,
    2016
  ),(
    55,
    '3168901105',
    '2016011002',
    '大学物理',
    '76',
    2.60,
    4.00,
    1,
    2016
  ),(
    56,
    '3168901106',
    '2016011002',
    '大学物理',
    '76',
    2.60,
    4.00,
    1,
    2016
  ),(
    57,
    '3168901107',
    '2016011002',
    '大学物理',
    '87',
    3.70,
    4.00,
    1,
    2016
  ),(
    58,
    '3168901108',
    '2016011002',
    '大学物理',
    '87',
    3.70,
    4.00,
    1,
    2016
  ),(
    59,
    '3168901109',
    '2016011002',
    '大学物理',
    '76',
    2.60,
    4.00,
    1,
    2016
  ),(
    60,
    '3168901110',
    '2016011002',
    '大学物理',
    '56',
    0.00,
    0.00,
    1,
    2016
  ),(
    61,
    '3168901111',
    '2016011002',
    '大学物理',
    '100',
    5.00,
    4.00,
    1,
    2016
  ),(
    62,
    '3168901112',
    '2016011002',
    '大学物理',
    '76',
    2.60,
    4.00,
    1,
    2016
  ),(
    63,
    '3168901113',
    '2016011002',
    '大学物理',
    '100',
    5.00,
    4.00,
    1,
    2016
  ),(
    64,
    '3168901114',
    '2016011002',
    '大学物理',
    '65',
    1.50,
    4.00,
    1,
    2016
  ),(
    65,
    '3168901115',
    '2016011002',
    '大学物理',
    '100',
    5.00,
    4.00,
    1,
    2016
  ),(
    66,
    '3168901116',
    '2016011002',
    '大学物理',
    '100',
    5.00,
    4.00,
    1,
    2016
  ),(
    67,
    '3168901117',
    '2016011002',
    '大学物理',
    '67',
    1.70,
    4.00,
    1,
    2016
  ),(
    68,
    '3168901118',
    '2016011002',
    '大学物理',
    '67',
    1.70,
    4.00,
    1,
    2016
  ),(
    69,
    '3168901119',
    '2016011002',
    '大学物理',
    '56',
    0.00,
    0.00,
    1,
    2016
  ),(
    70,
    '3168901120',
    '2016011002',
    '大学物理',
    '76',
    2.60,
    4.00,
    1,
    2016
  ),(
    71,
    '3168901121',
    '2016011002',
    '大学物理',
    '34',
    0.00,
    0.00,
    1,
    2016
  ),(
    72,
    '3168901122',
    '2016011002',
    '大学物理',
    '100',
    5.00,
    4.00,
    1,
    2016
  ),(
    73,
    '3168901123',
    '2016011002',
    '大学物理',
    '100',
    5.00,
    4.00,
    1,
    2016
  ),(
    74,
    '3168901124',
    '2016011002',
    '大学物理',
    '68',
    1.80,
    4.00,
    1,
    2016
  ),(
    75,
    '3168901125',
    '2016011002',
    '大学物理',
    '78',
    2.80,
    4.00,
    1,
    2016
  ),(
    76,
    '3168901126',
    '2016011002',
    '大学物理',
    '87',
    3.70,
    4.00,
    1,
    2016
  ),(
    77,
    '3168901127',
    '2016011002',
    '大学物理',
    '76',
    2.60,
    4.00,
    1,
    2016
  ),(
    78,
    '3168901128',
    '2016011002',
    '大学物理',
    '87',
    3.70,
    4.00,
    1,
    2016
  ),(
    79,
    '3168901129',
    '2016011002',
    '大学物理',
    '97',
    4.70,
    4.00,
    1,
    2016
  ),(
    80,
    '3168901130',
    '2016011002',
    '大学物理',
    '67',
    1.70,
    4.00,
    1,
    2016
  ),(
    81,
    '3168901131',
    '2016011002',
    '大学物理',
    '76',
    2.60,
    4.00,
    1,
    2016
  ),(
    82,
    '3168901132',
    '2016011002',
    '大学物理',
    '76',
    2.60,
    4.00,
    1,
    2016
  ),(
    83,
    '3168901133',
    '2016011002',
    '大学物理',
    '65',
    1.50,
    4.00,
    1,
    2016
  ),(
    84,
    '3168901134',
    '2016011002',
    '大学物理',
    '77',
    2.70,
    4.00,
    1,
    2016
  ),(
    85,
    '3168901135',
    '2016011002',
    '大学物理',
    '98',
    4.80,
    4.00,
    1,
    2016
  ),(
    86,
    '3168901136',
    '2016011002',
    '大学物理',
    '32',
    0.00,
    0.00,
    1,
    2016
  ),(
    87,
    '3168901137',
    '2016011002',
    '大学物理',
    '54',
    0.00,
    0.00,
    1,
    2016
  ),(
    88,
    '3168901138',
    '2016011002',
    '大学物理',
    '65',
    1.50,
    4.00,
    1,
    2016
  ),(
    89,
    '3168901139',
    '2016011002',
    '大学物理',
    '76',
    2.60,
    4.00,
    1,
    2016
  ),(
    90,
    '3168901140',
    '2016011002',
    '大学物理',
    '76',
    2.60,
    4.00,
    1,
    2016
  ),(
    91,
    '3168901141',
    '2016011002',
    '大学物理',
    '65',
    1.50,
    4.00,
    1,
    2016
  ),(
    92,
    '3168901142',
    '2016011002',
    '大学物理',
    '54',
    0.00,
    0.00,
    1,
    2016
  ),(
    93,
    '3168901143',
    '2016011002',
    '大学物理',
    '76',
    2.60,
    4.00,
    1,
    2016
  ),(
    94,
    '3168901144',
    '2016011002',
    '大学物理',
    '75',
    2.50,
    4.00,
    1,
    2016
  ),(
    95,
    '3168901145',
    '2016011002',
    '大学物理',
    '65',
    1.50,
    4.00,
    1,
    2016
  ),(
    96,
    '3168901146',
    '2016011002',
    '大学物理',
    '76',
    2.60,
    4.00,
    1,
    2016
  ),(
    97,
    '3168901147',
    '2016011002',
    '大学物理',
    '87',
    3.70,
    4.00,
    1,
    2016
  ),(
    98,
    '3168901148',
    '2016011002',
    '大学物理',
    '100',
    5.00,
    4.00,
    1,
    2016
  ),(
    99,
    '3168901149',
    '2016011002',
    '大学物理',
    '45',
    0.00,
    0.00,
    1,
    2016
  ),(
    100,
    '3168901150',
    '2016011002',
    '大学物理',
    '34',
    0.00,
    0.00,
    1,
    2016
  ),(
    101,
    '3168901101',
    '2016011003',
    '线性代数',
    '23',
    0.00,
    0.00,
    1,
    2016
  ),(
    102,
    '3168901102',
    '2016011003',
    '线性代数',
    '43',
    0.00,
    0.00,
    1,
    2016
  ),(
    103,
    '3168901103',
    '2016011003',
    '线性代数',
    '54',
    0.00,
    0.00,
    1,
    2016
  ),(
    104,
    '3168901104',
    '2016011003',
    '线性代数',
    '100',
    5.00,
    1.00,
    1,
    2016
  ),(
    105,
    '3168901105',
    '2016011003',
    '线性代数',
    '100',
    5.00,
    1.00,
    1,
    2016
  ),(
    106,
    '3168901106',
    '2016011003',
    '线性代数',
    '75',
    2.50,
    1.00,
    1,
    2016
  ),(
    107,
    '3168901107',
    '2016011003',
    '线性代数',
    '100',
    5.00,
    1.00,
    1,
    2016
  ),(
    108,
    '3168901108',
    '2016011003',
    '线性代数',
    '76',
    2.60,
    1.00,
    1,
    2016
  ),(
    109,
    '3168901109',
    '2016011003',
    '线性代数',
    '54',
    0.00,
    0.00,
    1,
    2016
  ),(
    110,
    '3168901110',
    '2016011003',
    '线性代数',
    '65',
    1.50,
    1.00,
    1,
    2016
  ),(
    111,
    '3168901111',
    '2016011003',
    '线性代数',
    '67',
    1.70,
    1.00,
    1,
    2016
  ),(
    112,
    '3168901112',
    '2016011003',
    '线性代数',
    '100',
    5.00,
    1.00,
    1,
    2016
  ),(
    113,
    '3168901113',
    '2016011003',
    '线性代数',
    '65',
    1.50,
    1.00,
    1,
    2016
  ),(
    114,
    '3168901114',
    '2016011003',
    '线性代数',
    '76',
    2.60,
    1.00,
    1,
    2016
  ),(
    115,
    '3168901115',
    '2016011003',
    '线性代数',
    '87',
    3.70,
    1.00,
    1,
    2016
  ),(
    116,
    '3168901116',
    '2016011003',
    '线性代数',
    '78',
    2.80,
    1.00,
    1,
    2016
  ),(
    117,
    '3168901117',
    '2016011003',
    '线性代数',
    '55',
    0.00,
    0.00,
    1,
    2016
  ),(
    118,
    '3168901118',
    '2016011003',
    '线性代数',
    '76',
    2.60,
    1.00,
    1,
    2016
  ),(
    119,
    '3168901119',
    '2016011003',
    '线性代数',
    '65',
    1.50,
    1.00,
    1,
    2016
  ),(
    120,
    '3168901120',
    '2016011003',
    '线性代数',
    '65',
    1.50,
    1.00,
    1,
    2016
  ),(
    121,
    '3168901121',
    '2016011003',
    '线性代数',
    '65',
    1.50,
    1.00,
    1,
    2016
  ),(
    122,
    '3168901122',
    '2016011003',
    '线性代数',
    '87',
    3.70,
    1.00,
    1,
    2016
  ),(
    123,
    '3168901123',
    '2016011003',
    '线性代数',
    '56',
    0.00,
    0.00,
    1,
    2016
  ),(
    124,
    '3168901124',
    '2016011003',
    '线性代数',
    '34',
    0.00,
    0.00,
    1,
    2016
  ),(
    125,
    '3168901125',
    '2016011003',
    '线性代数',
    '65',
    1.50,
    1.00,
    1,
    2016
  ),(
    126,
    '3168901126',
    '2016011003',
    '线性代数',
    '100',
    5.00,
    1.00,
    1,
    2016
  ),(
    127,
    '3168901127',
    '2016011003',
    '线性代数',
    '56',
    0.00,
    0.00,
    1,
    2016
  ),(
    128,
    '3168901128',
    '2016011003',
    '线性代数',
    '65',
    1.50,
    1.00,
    1,
    2016
  ),(
    129,
    '3168901129',
    '2016011003',
    '线性代数',
    '87',
    3.70,
    1.00,
    1,
    2016
  ),(
    130,
    '3168901130',
    '2016011003',
    '线性代数',
    '67',
    1.70,
    1.00,
    1,
    2016
  ),(
    131,
    '3168901131',
    '2016011003',
    '线性代数',
    '54',
    0.00,
    0.00,
    1,
    2016
  ),(
    132,
    '3168901132',
    '2016011003',
    '线性代数',
    '78',
    2.80,
    1.00,
    1,
    2016
  ),(
    133,
    '3168901133',
    '2016011003',
    '线性代数',
    '100',
    5.00,
    1.00,
    1,
    2016
  ),(
    134,
    '3168901134',
    '2016011003',
    '线性代数',
    '87',
    3.70,
    1.00,
    1,
    2016
  ),(
    135,
    '3168901135',
    '2016011003',
    '线性代数',
    '98',
    4.80,
    1.00,
    1,
    2016
  ),(
    136,
    '3168901136',
    '2016011003',
    '线性代数',
    '65',
    1.50,
    1.00,
    1,
    2016
  ),(
    137,
    '3168901137',
    '2016011003',
    '线性代数',
    '87',
    3.70,
    1.00,
    1,
    2016
  ),(
    138,
    '3168901138',
    '2016011003',
    '线性代数',
    '98',
    4.80,
    1.00,
    1,
    2016
  ),(
    139,
    '3168901139',
    '2016011003',
    '线性代数',
    '67',
    1.70,
    1.00,
    1,
    2016
  ),(
    140,
    '3168901140',
    '2016011003',
    '线性代数',
    '56',
    0.00,
    0.00,
    1,
    2016
  ),(
    141,
    '3168901141',
    '2016011003',
    '线性代数',
    '78',
    2.80,
    1.00,
    1,
    2016
  ),(
    142,
    '3168901142',
    '2016011003',
    '线性代数',
    '67',
    1.70,
    1.00,
    1,
    2016
  ),(
    143,
    '3168901143',
    '2016011003',
    '线性代数',
    '87',
    3.70,
    1.00,
    1,
    2016
  ),(
    144,
    '3168901144',
    '2016011003',
    '线性代数',
    '98',
    4.80,
    1.00,
    1,
    2016
  ),(
    145,
    '3168901145',
    '2016011003',
    '线性代数',
    '56',
    0.00,
    0.00,
    1,
    2016
  ),(
    146,
    '3168901146',
    '2016011003',
    '线性代数',
    '87',
    3.70,
    1.00,
    1,
    2016
  ),(
    147,
    '3168901147',
    '2016011003',
    '线性代数',
    '45',
    0.00,
    0.00,
    1,
    2016
  ),(
    148,
    '3168901148',
    '2016011003',
    '线性代数',
    '88',
    3.80,
    1.00,
    1,
    2016
  ),(
    149,
    '3168901149',
    '2016011003',
    '线性代数',
    '66',
    1.60,
    1.00,
    1,
    2016
  ),(
    150,
    '3168901150',
    '2016011003',
    '线性代数',
    '77',
    2.70,
    1.00,
    1,
    2016
  ),(
    151,
    '3168901101',
    '2016011004',
    '复变函数',
    '54',
    0.00,
    0.00,
    1,
    2016
  ),(
    152,
    '3168901102',
    '2016011004',
    '复变函数',
    '65',
    1.50,
    2.00,
    1,
    2016
  ),(
    153,
    '3168901103',
    '2016011004',
    '复变函数',
    '76',
    2.60,
    2.00,
    1,
    2016
  ),(
    154,
    '3168901104',
    '2016011004',
    '复变函数',
    '45',
    0.00,
    0.00,
    1,
    2016
  ),(
    155,
    '3168901105',
    '2016011004',
    '复变函数',
    '100',
    5.00,
    2.00,
    1,
    2016
  ),(
    156,
    '3168901106',
    '2016011004',
    '复变函数',
    '87',
    3.70,
    2.00,
    1,
    2016
  ),(
    157,
    '3168901107',
    '2016011004',
    '复变函数',
    '65',
    1.50,
    2.00,
    1,
    2016
  ),(
    158,
    '3168901108',
    '2016011004',
    '复变函数',
    '87',
    3.70,
    2.00,
    1,
    2016
  ),(
    159,
    '3168901109',
    '2016011004',
    '复变函数',
    '54',
    0.00,
    0.00,
    1,
    2016
  ),(
    160,
    '3168901110',
    '2016011004',
    '复变函数',
    '87',
    3.70,
    2.00,
    1,
    2016
  ),(
    161,
    '3168901111',
    '2016011004',
    '复变函数',
    '100',
    5.00,
    2.00,
    1,
    2016
  ),(
    162,
    '3168901112',
    '2016011004',
    '复变函数',
    '54',
    0.00,
    0.00,
    1,
    2016
  ),(
    163,
    '3168901113',
    '2016011004',
    '复变函数',
    '87',
    3.70,
    2.00,
    1,
    2016
  ),(
    164,
    '3168901114',
    '2016011004',
    '复变函数',
    '98',
    4.80,
    2.00,
    1,
    2016
  ),(
    165,
    '3168901115',
    '2016011004',
    '复变函数',
    '100',
    5.00,
    2.00,
    1,
    2016
  ),(
    166,
    '3168901116',
    '2016011004',
    '复变函数',
    '76',
    2.60,
    2.00,
    1,
    2016
  ),(
    167,
    '3168901117',
    '2016011004',
    '复变函数',
    '87',
    3.70,
    2.00,
    1,
    2016
  ),(
    168,
    '3168901118',
    '2016011004',
    '复变函数',
    '54',
    0.00,
    0.00,
    1,
    2016
  ),(
    169,
    '3168901119',
    '2016011004',
    '复变函数',
    '76',
    2.60,
    2.00,
    1,
    2016
  ),(
    170,
    '3168901120',
    '2016011004',
    '复变函数',
    '87',
    3.70,
    2.00,
    1,
    2016
  ),(
    171,
    '3168901121',
    '2016011004',
    '复变函数',
    '56',
    0.00,
    0.00,
    1,
    2016
  ),(
    172,
    '3168901122',
    '2016011004',
    '复变函数',
    '78',
    2.80,
    2.00,
    1,
    2016
  ),(
    173,
    '3168901123',
    '2016011004',
    '复变函数',
    '65',
    1.50,
    2.00,
    1,
    2016
  ),(
    174,
    '3168901124',
    '2016011004',
    '复变函数',
    '76',
    2.60,
    2.00,
    1,
    2016
  ),(
    175,
    '3168901125',
    '2016011004',
    '复变函数',
    '87',
    3.70,
    2.00,
    1,
    2016
  ),(
    176,
    '3168901126',
    '2016011004',
    '复变函数',
    '67',
    1.70,
    2.00,
    1,
    2016
  ),(
    177,
    '3168901127',
    '2016011004',
    '复变函数',
    '87',
    3.70,
    2.00,
    1,
    2016
  ),(
    178,
    '3168901128',
    '2016011004',
    '复变函数',
    '45',
    0.00,
    0.00,
    1,
    2016
  ),(
    179,
    '3168901129',
    '2016011004',
    '复变函数',
    '76',
    2.60,
    2.00,
    1,
    2016
  ),(
    180,
    '3168901130',
    '2016011004',
    '复变函数',
    '77',
    2.70,
    2.00,
    1,
    2016
  ),(
    181,
    '3168901131',
    '2016011004',
    '复变函数',
    '78',
    2.80,
    2.00,
    1,
    2016
  ),(
    182,
    '3168901132',
    '2016011004',
    '复变函数',
    '78',
    2.80,
    2.00,
    1,
    2016
  ),(
    183,
    '3168901133',
    '2016011004',
    '复变函数',
    '54',
    0.00,
    0.00,
    1,
    2016
  ),(
    184,
    '3168901134',
    '2016011004',
    '复变函数',
    '65',
    1.50,
    2.00,
    1,
    2016
  ),(
    185,
    '3168901135',
    '2016011004',
    '复变函数',
    '76',
    2.60,
    2.00,
    1,
    2016
  ),(
    186,
    '3168901136',
    '2016011004',
    '复变函数',
    '76',
    2.60,
    2.00,
    1,
    2016
  ),(
    187,
    '3168901137',
    '2016011004',
    '复变函数',
    '33',
    0.00,
    0.00,
    1,
    2016
  ),(
    188,
    '3168901138',
    '2016011004',
    '复变函数',
    '67',
    1.70,
    2.00,
    1,
    2016
  ),(
    189,
    '3168901139',
    '2016011004',
    '复变函数',
    '65',
    1.50,
    2.00,
    1,
    2016
  ),(
    190,
    '3168901140',
    '2016011004',
    '复变函数',
    '65',
    1.50,
    2.00,
    1,
    2016
  ),(
    191,
    '3168901141',
    '2016011004',
    '复变函数',
    '76',
    2.60,
    2.00,
    1,
    2016
  ),(
    192,
    '3168901142',
    '2016011004',
    '复变函数',
    '54',
    0.00,
    0.00,
    1,
    2016
  ),(
    193,
    '3168901143',
    '2016011004',
    '复变函数',
    '65',
    1.50,
    2.00,
    1,
    2016
  ),(
    194,
    '3168901144',
    '2016011004',
    '复变函数',
    '76',
    2.60,
    2.00,
    1,
    2016
  ),(
    195,
    '3168901145',
    '2016011004',
    '复变函数',
    '100',
    5.00,
    2.00,
    1,
    2016
  ),(
    196,
    '3168901146',
    '2016011004',
    '复变函数',
    '100',
    5.00,
    2.00,
    1,
    2016
  ),(
    197,
    '3168901147',
    '2016011004',
    '复变函数',
    '43',
    0.00,
    0.00,
    1,
    2016
  ),(
    198,
    '3168901148',
    '2016011004',
    '复变函数',
    '73',
    2.30,
    2.00,
    1,
    2016
  ),(
    199,
    '3168901149',
    '2016011004',
    '复变函数',
    '32',
    0.00,
    0.00,
    1,
    2016
  ),(
    200,
    '3168901150',
    '2016011004',
    '复变函数',
    '65',
    1.50,
    2.00,
    1,
    2016
  ),(
    201,
    '3168901101',
    '2016011005',
    '模拟电子线路',
    '67',
    1.70,
    4.00,
    1,
    2016
  ),(
    202,
    '3168901102',
    '2016011005',
    '模拟电子线路',
    '87',
    3.70,
    4.00,
    1,
    2016
  ),(
    203,
    '3168901103',
    '2016011005',
    '模拟电子线路',
    '65',
    1.50,
    4.00,
    1,
    2016
  ),(
    204,
    '3168901104',
    '2016011005',
    '模拟电子线路',
    '76',
    2.60,
    4.00,
    1,
    2016
  ),(
    205,
    '3168901105',
    '2016011005',
    '模拟电子线路',
    '64',
    1.40,
    4.00,
    1,
    2016
  ),(
    206,
    '3168901106',
    '2016011005',
    '模拟电子线路',
    '65',
    1.50,
    4.00,
    1,
    2016
  ),(
    207,
    '3168901107',
    '2016011005',
    '模拟电子线路',
    '77',
    2.70,
    4.00,
    1,
    2016
  ),(
    208,
    '3168901108',
    '2016011005',
    '模拟电子线路',
    '87',
    3.70,
    4.00,
    1,
    2016
  ),(
    209,
    '3168901109',
    '2016011005',
    '模拟电子线路',
    '56',
    0.00,
    0.00,
    1,
    2016
  ),(
    210,
    '3168901110',
    '2016011005',
    '模拟电子线路',
    '87',
    3.70,
    4.00,
    1,
    2016
  ),(
    211,
    '3168901111',
    '2016011005',
    '模拟电子线路',
    '76',
    2.60,
    4.00,
    1,
    2016
  ),(
    212,
    '3168901112',
    '2016011005',
    '模拟电子线路',
    '74',
    2.40,
    4.00,
    1,
    2016
  ),(
    213,
    '3168901113',
    '2016011005',
    '模拟电子线路',
    '100',
    5.00,
    4.00,
    1,
    2016
  ),(
    214,
    '3168901114',
    '2016011005',
    '模拟电子线路',
    '57',
    0.00,
    0.00,
    1,
    2016
  ),(
    215,
    '3168901115',
    '2016011005',
    '模拟电子线路',
    '85',
    3.50,
    4.00,
    1,
    2016
  ),(
    216,
    '3168901116',
    '2016011005',
    '模拟电子线路',
    '100',
    5.00,
    4.00,
    1,
    2016
  ),(
    217,
    '3168901117',
    '2016011005',
    '模拟电子线路',
    '85',
    3.50,
    4.00,
    1,
    2016
  ),(
    218,
    '3168901118',
    '2016011005',
    '模拟电子线路',
    '43',
    0.00,
    0.00,
    1,
    2016
  ),(
    219,
    '3168901119',
    '2016011005',
    '模拟电子线路',
    '100',
    5.00,
    4.00,
    1,
    2016
  ),(
    220,
    '3168901120',
    '2016011005',
    '模拟电子线路',
    '54',
    0.00,
    0.00,
    1,
    2016
  ),(
    221,
    '3168901121',
    '2016011005',
    '模拟电子线路',
    '65',
    1.50,
    4.00,
    1,
    2016
  ),(
    222,
    '3168901122',
    '2016011005',
    '模拟电子线路',
    '34',
    0.00,
    0.00,
    1,
    2016
  ),(
    223,
    '3168901123',
    '2016011005',
    '模拟电子线路',
    '75',
    2.50,
    4.00,
    1,
    2016
  ),(
    224,
    '3168901124',
    '2016011005',
    '模拟电子线路',
    '43',
    0.00,
    0.00,
    1,
    2016
  ),(
    225,
    '3168901125',
    '2016011005',
    '模拟电子线路',
    '74',
    2.40,
    4.00,
    1,
    2016
  ),(
    226,
    '3168901126',
    '2016011005',
    '模拟电子线路',
    '77',
    2.70,
    4.00,
    1,
    2016
  ),(
    227,
    '3168901127',
    '2016011005',
    '模拟电子线路',
    '45',
    0.00,
    0.00,
    1,
    2016
  ),(
    228,
    '3168901128',
    '2016011005',
    '模拟电子线路',
    '75',
    2.50,
    4.00,
    1,
    2016
  ),(
    229,
    '3168901129',
    '2016011005',
    '模拟电子线路',
    '65',
    1.50,
    4.00,
    1,
    2016
  ),(
    230,
    '3168901130',
    '2016011005',
    '模拟电子线路',
    '76',
    2.60,
    4.00,
    1,
    2016
  ),(
    231,
    '3168901131',
    '2016011005',
    '模拟电子线路',
    '100',
    5.00,
    4.00,
    1,
    2016
  ),(
    232,
    '3168901132',
    '2016011005',
    '模拟电子线路',
    '87',
    3.70,
    4.00,
    1,
    2016
  ),(
    233,
    '3168901133',
    '2016011005',
    '模拟电子线路',
    '45',
    0.00,
    0.00,
    1,
    2016
  ),(
    234,
    '3168901134',
    '2016011005',
    '模拟电子线路',
    '76',
    2.60,
    4.00,
    1,
    2016
  ),(
    235,
    '3168901135',
    '2016011005',
    '模拟电子线路',
    '97',
    4.70,
    4.00,
    1,
    2016
  ),(
    236,
    '3168901136',
    '2016011005',
    '模拟电子线路',
    '46',
    0.00,
    0.00,
    1,
    2016
  ),(
    237,
    '3168901137',
    '2016011005',
    '模拟电子线路',
    '76',
    2.60,
    4.00,
    1,
    2016
  ),(
    238,
    '3168901138',
    '2016011005',
    '模拟电子线路',
    '65',
    1.50,
    4.00,
    1,
    2016
  ),(
    239,
    '3168901139',
    '2016011005',
    '模拟电子线路',
    '76',
    2.60,
    4.00,
    1,
    2016
  ),(
    240,
    '3168901140',
    '2016011005',
    '模拟电子线路',
    '87',
    3.70,
    4.00,
    1,
    2016
  ),(
    241,
    '3168901141',
    '2016011005',
    '模拟电子线路',
    '45',
    0.00,
    0.00,
    1,
    2016
  ),(
    242,
    '3168901142',
    '2016011005',
    '模拟电子线路',
    '67',
    1.70,
    4.00,
    1,
    2016
  ),(
    243,
    '3168901143',
    '2016011005',
    '模拟电子线路',
    '67',
    1.70,
    4.00,
    1,
    2016
  ),(
    244,
    '3168901144',
    '2016011005',
    '模拟电子线路',
    '87',
    3.70,
    4.00,
    1,
    2016
  ),(
    245,
    '3168901145',
    '2016011005',
    '模拟电子线路',
    '54',
    0.00,
    0.00,
    1,
    2016
  ),(
    246,
    '3168901146',
    '2016011005',
    '模拟电子线路',
    '76',
    2.60,
    4.00,
    1,
    2016
  ),(
    247,
    '3168901147',
    '2016011005',
    '模拟电子线路',
    '65',
    1.50,
    4.00,
    1,
    2016
  ),(
    248,
    '3168901148',
    '2016011005',
    '模拟电子线路',
    '76',
    2.60,
    4.00,
    1,
    2016
  ),(
    249,
    '3168901149',
    '2016011005',
    '模拟电子线路',
    '46',
    0.00,
    0.00,
    1,
    2016
  ),(
    250,
    '3168901150',
    '2016011005',
    '模拟电子线路',
    '65',
    1.50,
    4.00,
    1,
    2016
  ),(
    251,
    '3168901101',
    '2016011006',
    '信号与系统',
    '35',
    0.00,
    0.00,
    1,
    2016
  ),(
    252,
    '3168901102',
    '2016011006',
    '信号与系统',
    '100',
    5.00,
    2.00,
    1,
    2016
  ),(
    253,
    '3168901103',
    '2016011006',
    '信号与系统',
    '100',
    5.00,
    2.00,
    1,
    2016
  ),(
    254,
    '3168901104',
    '2016011006',
    '信号与系统',
    '54',
    0.00,
    0.00,
    1,
    2016
  ),(
    255,
    '3168901105',
    '2016011006',
    '信号与系统',
    '76',
    2.60,
    2.00,
    1,
    2016
  ),(
    256,
    '3168901106',
    '2016011006',
    '信号与系统',
    '100',
    5.00,
    2.00,
    1,
    2016
  ),(
    257,
    '3168901107',
    '2016011006',
    '信号与系统',
    '74',
    2.40,
    2.00,
    1,
    2016
  ),(
    258,
    '3168901108',
    '2016011006',
    '信号与系统',
    '86',
    3.60,
    2.00,
    1,
    2016
  ),(
    259,
    '3168901109',
    '2016011006',
    '信号与系统',
    '56',
    0.00,
    0.00,
    1,
    2016
  ),(
    260,
    '3168901110',
    '2016011006',
    '信号与系统',
    '85',
    3.50,
    2.00,
    1,
    2016
  ),(
    261,
    '3168901111',
    '2016011006',
    '信号与系统',
    '86',
    3.60,
    2.00,
    1,
    2016
  ),(
    262,
    '3168901112',
    '2016011006',
    '信号与系统',
    '56',
    0.00,
    0.00,
    1,
    2016
  ),(
    263,
    '3168901113',
    '2016011006',
    '信号与系统',
    '100',
    5.00,
    2.00,
    1,
    2016
  ),(
    264,
    '3168901114',
    '2016011006',
    '信号与系统',
    '43',
    0.00,
    0.00,
    1,
    2016
  ),(
    265,
    '3168901115',
    '2016011006',
    '信号与系统',
    '83',
    3.30,
    2.00,
    1,
    2016
  ),(
    266,
    '3168901116',
    '2016011006',
    '信号与系统',
    '75',
    2.50,
    2.00,
    1,
    2016
  ),(
    267,
    '3168901117',
    '2016011006',
    '信号与系统',
    '23',
    0.00,
    0.00,
    1,
    2016
  ),(
    268,
    '3168901118',
    '2016011006',
    '信号与系统',
    '86',
    3.60,
    2.00,
    1,
    2016
  ),(
    269,
    '3168901119',
    '2016011006',
    '信号与系统',
    '37',
    0.00,
    0.00,
    1,
    2016
  ),(
    270,
    '3168901120',
    '2016011006',
    '信号与系统',
    '75',
    2.50,
    2.00,
    1,
    2016
  ),(
    271,
    '3168901121',
    '2016011006',
    '信号与系统',
    '76',
    2.60,
    2.00,
    1,
    2016
  ),(
    272,
    '3168901122',
    '2016011006',
    '信号与系统',
    '34',
    0.00,
    0.00,
    1,
    2016
  ),(
    273,
    '3168901123',
    '2016011006',
    '信号与系统',
    '76',
    2.60,
    2.00,
    1,
    2016
  ),(
    274,
    '3168901124',
    '2016011006',
    '信号与系统',
    '43',
    0.00,
    0.00,
    1,
    2016
  ),(
    275,
    '3168901125',
    '2016011006',
    '信号与系统',
    '86',
    3.60,
    2.00,
    1,
    2016
  ),(
    276,
    '3168901126',
    '2016011006',
    '信号与系统',
    '65',
    1.50,
    2.00,
    1,
    2016
  ),(
    277,
    '3168901127',
    '2016011006',
    '信号与系统',
    '43',
    0.00,
    0.00,
    1,
    2016
  ),(
    278,
    '3168901128',
    '2016011006',
    '信号与系统',
    '86',
    3.60,
    2.00,
    1,
    2016
  ),(
    279,
    '3168901129',
    '2016011006',
    '信号与系统',
    '87',
    3.70,
    2.00,
    1,
    2016
  ),(
    280,
    '3168901130',
    '2016011006',
    '信号与系统',
    '54',
    0.00,
    0.00,
    1,
    2016
  ),(
    281,
    '3168901131',
    '2016011006',
    '信号与系统',
    '95',
    4.50,
    2.00,
    1,
    2016
  ),(
    282,
    '3168901132',
    '2016011006',
    '信号与系统',
    '67',
    1.70,
    2.00,
    1,
    2016
  ),(
    283,
    '3168901133',
    '2016011006',
    '信号与系统',
    '100',
    5.00,
    2.00,
    1,
    2016
  ),(
    284,
    '3168901134',
    '2016011006',
    '信号与系统',
    '54',
    0.00,
    0.00,
    1,
    2016
  ),(
    285,
    '3168901135',
    '2016011006',
    '信号与系统',
    '87',
    3.70,
    2.00,
    1,
    2016
  ),(
    286,
    '3168901136',
    '2016011006',
    '信号与系统',
    '34',
    0.00,
    0.00,
    1,
    2016
  ),(
    287,
    '3168901137',
    '2016011006',
    '信号与系统',
    '77',
    2.70,
    2.00,
    1,
    2016
  ),(
    288,
    '3168901138',
    '2016011006',
    '信号与系统',
    '54',
    0.00,
    0.00,
    1,
    2016
  ),(
    289,
    '3168901139',
    '2016011006',
    '信号与系统',
    '86',
    3.60,
    2.00,
    1,
    2016
  ),(
    290,
    '3168901140',
    '2016011006',
    '信号与系统',
    '76',
    2.60,
    2.00,
    1,
    2016
  ),(
    291,
    '3168901141',
    '2016011006',
    '信号与系统',
    '23',
    0.00,
    0.00,
    1,
    2016
  ),(
    292,
    '3168901142',
    '2016011006',
    '信号与系统',
    '56',
    0.00,
    0.00,
    1,
    2016
  ),(
    293,
    '3168901143',
    '2016011006',
    '信号与系统',
    '65',
    1.50,
    2.00,
    1,
    2016
  ),(
    294,
    '3168901144',
    '2016011006',
    '信号与系统',
    '100',
    5.00,
    2.00,
    1,
    2016
  ),(
    295,
    '3168901145',
    '2016011006',
    '信号与系统',
    '43',
    0.00,
    0.00,
    1,
    2016
  ),(
    296,
    '3168901146',
    '2016011006',
    '信号与系统',
    '54',
    0.00,
    0.00,
    1,
    2016
  ),(
    297,
    '3168901147',
    '2016011006',
    '信号与系统',
    '65',
    1.50,
    2.00,
    1,
    2016
  ),(
    298,
    '3168901148',
    '2016011006',
    '信号与系统',
    '100',
    5.00,
    2.00,
    1,
    2016
  ),(
    299,
    '3168901149',
    '2016011006',
    '信号与系统',
    '43',
    0.00,
    0.00,
    1,
    2016
  ),(
    300,
    '3168901150',
    '2016011006',
    '信号与系统',
    '65',
    1.50,
    2.00,
    1,
    2016
  ),(
    301,
    '3168904101',
    '2016041001',
    '高频电子线路',
    '45',
    0.00,
    0.00,
    1,
    2016
  ),(
    302,
    '3168904102',
    '2016041001',
    '高频电子线路',
    '55',
    0.00,
    0.00,
    1,
    2016
  ),(
    303,
    '3168904103',
    '2016041001',
    '高频电子线路',
    '78',
    2.80,
    4.00,
    1,
    2016
  ),(
    304,
    '3168904104',
    '2016041001',
    '高频电子线路',
    '87',
    3.70,
    4.00,
    1,
    2016
  ),(
    305,
    '3168904105',
    '2016041001',
    '高频电子线路',
    '56',
    0.00,
    0.00,
    1,
    2016
  ),(
    306,
    '3168904106',
    '2016041001',
    '高频电子线路',
    '94',
    4.40,
    4.00,
    1,
    2016
  ),(
    307,
    '3168904107',
    '2016041001',
    '高频电子线路',
    '45',
    0.00,
    0.00,
    1,
    2016
  ),(
    308,
    '3168904108',
    '2016041001',
    '高频电子线路',
    '66',
    1.60,
    4.00,
    1,
    2016
  ),(
    309,
    '3168904109',
    '2016041001',
    '高频电子线路',
    '78',
    2.80,
    4.00,
    1,
    2016
  ),(
    310,
    '3168904110',
    '2016041001',
    '高频电子线路',
    '88',
    3.80,
    4.00,
    1,
    2016
  ),(
    311,
    '3168904111',
    '2016041001',
    '高频电子线路',
    '45',
    0.00,
    0.00,
    1,
    2016
  ),(
    312,
    '3168904112',
    '2016041001',
    '高频电子线路',
    '78',
    2.80,
    4.00,
    1,
    2016
  ),(
    313,
    '3168904113',
    '2016041001',
    '高频电子线路',
    '98',
    4.80,
    4.00,
    1,
    2016
  ),(
    314,
    '3168904114',
    '2016041001',
    '高频电子线路',
    '88',
    3.80,
    4.00,
    1,
    2016
  ),(
    315,
    '3168904115',
    '2016041001',
    '高频电子线路',
    '98',
    4.80,
    4.00,
    1,
    2016
  ),(
    316,
    '3168904116',
    '2016041001',
    '高频电子线路',
    '78',
    2.80,
    4.00,
    1,
    2016
  ),(
    317,
    '3168904117',
    '2016041001',
    '高频电子线路',
    '99',
    4.90,
    4.00,
    1,
    2016
  ),(
    318,
    '3168904118',
    '2016041001',
    '高频电子线路',
    '88',
    3.80,
    4.00,
    1,
    2016
  ),(
    319,
    '3168904119',
    '2016041001',
    '高频电子线路',
    '78',
    2.80,
    4.00,
    1,
    2016
  ),(
    320,
    '3168904120',
    '2016041001',
    '高频电子线路',
    '54',
    0.00,
    0.00,
    1,
    2016
  ),(
    321,
    '3168904121',
    '2016041001',
    '高频电子线路',
    '45',
    0.00,
    0.00,
    1,
    2016
  ),(
    322,
    '3168904122',
    '2016041001',
    '高频电子线路',
    '65',
    1.50,
    4.00,
    1,
    2016
  ),(
    323,
    '3168904123',
    '2016041001',
    '高频电子线路',
    '55',
    0.00,
    0.00,
    1,
    2016
  ),(
    324,
    '3168904124',
    '2016041001',
    '高频电子线路',
    '65',
    1.50,
    4.00,
    1,
    2016
  ),(
    325,
    '3168904125',
    '2016041001',
    '高频电子线路',
    '45',
    0.00,
    0.00,
    1,
    2016
  ),(
    326,
    '3168904126',
    '2016041001',
    '高频电子线路',
    '12',
    0.00,
    0.00,
    1,
    2016
  ),(
    327,
    '3168904127',
    '2016041001',
    '高频电子线路',
    '55',
    0.00,
    0.00,
    1,
    2016
  ),(
    328,
    '3168904128',
    '2016041001',
    '高频电子线路',
    '66',
    1.60,
    4.00,
    1,
    2016
  ),(
    329,
    '3168904129',
    '2016041001',
    '高频电子线路',
    '78',
    2.80,
    4.00,
    1,
    2016
  ),(
    330,
    '3168904130',
    '2016041001',
    '高频电子线路',
    '65',
    1.50,
    4.00,
    1,
    2016
  ),(
    331,
    '3168904131',
    '2016041001',
    '高频电子线路',
    '56',
    0.00,
    0.00,
    1,
    2016
  ),(
    332,
    '3168904132',
    '2016041001',
    '高频电子线路',
    '45',
    0.00,
    0.00,
    1,
    2016
  ),(
    333,
    '3168904133',
    '2016041001',
    '高频电子线路',
    '100',
    5.00,
    4.00,
    1,
    2016
  ),(
    334,
    '3168904134',
    '2016041001',
    '高频电子线路',
    '55',
    0.00,
    0.00,
    1,
    2016
  ),(
    335,
    '3168904135',
    '2016041001',
    '高频电子线路',
    '78',
    2.80,
    4.00,
    1,
    2016
  ),(
    336,
    '3168904136',
    '2016041001',
    '高频电子线路',
    '89',
    3.90,
    4.00,
    1,
    2016
  ),(
    337,
    '3168904137',
    '2016041001',
    '高频电子线路',
    '78',
    2.80,
    4.00,
    1,
    2016
  ),(
    338,
    '3168904138',
    '2016041001',
    '高频电子线路',
    '98',
    4.80,
    4.00,
    1,
    2016
  ),(
    339,
    '3168904139',
    '2016041001',
    '高频电子线路',
    '78',
    2.80,
    4.00,
    1,
    2016
  ),(
    340,
    '3168904140',
    '2016041001',
    '高频电子线路',
    '89',
    3.90,
    4.00,
    1,
    2016
  ),(
    341,
    '3168904141',
    '2016041001',
    '高频电子线路',
    '89',
    3.90,
    4.00,
    1,
    2016
  ),(
    342,
    '3168904142',
    '2016041001',
    '高频电子线路',
    '89',
    3.90,
    4.00,
    1,
    2016
  ),(
    343,
    '3168904143',
    '2016041001',
    '高频电子线路',
    '78',
    2.80,
    4.00,
    1,
    2016
  ),(
    344,
    '3168904144',
    '2016041001',
    '高频电子线路',
    '45',
    0.00,
    0.00,
    1,
    2016
  ),(
    345,
    '3168904145',
    '2016041001',
    '高频电子线路',
    '66',
    1.60,
    4.00,
    1,
    2016
  ),(
    346,
    '3168904146',
    '2016041001',
    '高频电子线路',
    '87',
    3.70,
    4.00,
    1,
    2016
  ),(
    347,
    '3168904147',
    '2016041001',
    '高频电子线路',
    '79',
    2.90,
    4.00,
    1,
    2016
  ),(
    348,
    '3168904148',
    '2016041001',
    '高频电子线路',
    '88',
    3.80,
    4.00,
    1,
    2016
  ),(
    349,
    '3168904149',
    '2016041001',
    '高频电子线路',
    '65',
    1.50,
    4.00,
    1,
    2016
  ),(
    350,
    '3168904150',
    '2016041001',
    '高频电子线路',
    '45',
    0.00,
    0.00,
    1,
    2016
  ),(
    351,
    '3168904151',
    '2016041001',
    '高频电子线路',
    '66',
    1.60,
    4.00,
    1,
    2016
  ),(
    352,
    '3168904152',
    '2016041001',
    '高频电子线路',
    '87',
    3.70,
    4.00,
    1,
    2016
  ),(
    353,
    '3168904153',
    '2016041001',
    '高频电子线路',
    '99',
    4.90,
    4.00,
    1,
    2016
  ),(
    354,
    '3168904154',
    '2016041001',
    '高频电子线路',
    '78',
    2.80,
    4.00,
    1,
    2016
  ),(
    355,
    '3168904155',
    '2016041001',
    '高频电子线路',
    '45',
    0.00,
    0.00,
    1,
    2016
  ),(
    356,
    '3168904156',
    '2016041001',
    '高频电子线路',
    '66',
    1.60,
    4.00,
    1,
    2016
  ),(
    357,
    '3168904157',
    '2016041001',
    '高频电子线路',
    '78',
    2.80,
    4.00,
    1,
    2016
  ),(
    358,
    '3168904158',
    '2016041001',
    '高频电子线路',
    '54',
    0.00,
    0.00,
    1,
    2016
  ),(
    359,
    '3168904159',
    '2016041001',
    '高频电子线路',
    '66',
    1.60,
    4.00,
    1,
    2016
  ),(
    360,
    '3168904160',
    '2016041001',
    '高频电子线路',
    '78',
    2.80,
    4.00,
    1,
    2016
  ),(
    361,
    '3168902111',
    '2016021001',
    '物联网工程导论',
    '88',
    3.80,
    2.00,
    1,
    2016
  ),(
    362,
    '3168902112',
    '2016021001',
    '物联网工程导论',
    '78',
    2.80,
    2.00,
    1,
    2016
  ),(
    363,
    '3168902113',
    '2016021001',
    '物联网工程导论',
    '45',
    0.00,
    0.00,
    1,
    2016
  ),(
    364,
    '3168902114',
    '2016021001',
    '物联网工程导论',
    '66',
    1.60,
    2.00,
    1,
    2016
  ),(
    365,
    '3168902115',
    '2016021001',
    '物联网工程导论',
    '87',
    3.70,
    2.00,
    1,
    2016
  ),(
    366,
    '3168902116',
    '2016021001',
    '物联网工程导论',
    '65',
    1.50,
    2.00,
    1,
    2016
  ),(
    367,
    '3168902117',
    '2016021001',
    '物联网工程导论',
    '54',
    0.00,
    0.00,
    1,
    2016
  ),(
    368,
    '3168902118',
    '2016021001',
    '物联网工程导论',
    '66',
    1.60,
    2.00,
    1,
    2016
  ),(
    369,
    '3168902119',
    '2016021001',
    '物联网工程导论',
    '55',
    0.00,
    0.00,
    1,
    2016
  ),(
    370,
    '3168902120',
    '2016021001',
    '物联网工程导论',
    '87',
    3.70,
    2.00,
    1,
    2016
  ),(
    371,
    '3168902121',
    '2016021001',
    '物联网工程导论',
    '88',
    3.80,
    2.00,
    1,
    2016
  ),(
    372,
    '3168902122',
    '2016021001',
    '物联网工程导论',
    '87',
    3.70,
    2.00,
    1,
    2016
  ),(
    373,
    '3168902123',
    '2016021001',
    '物联网工程导论',
    '98',
    4.80,
    2.00,
    1,
    2016
  ),(
    374,
    '3168902124',
    '2016021001',
    '物联网工程导论',
    '78',
    2.80,
    2.00,
    1,
    2016
  ),(
    375,
    '3168902125',
    '2016021001',
    '物联网工程导论',
    '54',
    0.00,
    0.00,
    1,
    2016
  ),(
    376,
    '3168902126',
    '2016021001',
    '物联网工程导论',
    '66',
    1.60,
    2.00,
    1,
    2016
  ),(
    377,
    '3168902127',
    '2016021001',
    '物联网工程导论',
    '87',
    3.70,
    2.00,
    1,
    2016
  ),(
    378,
    '3168902128',
    '2016021001',
    '物联网工程导论',
    '100',
    5.00,
    2.00,
    1,
    2016
  ),(
    379,
    '3168902129',
    '2016021001',
    '物联网工程导论',
    '88',
    3.80,
    2.00,
    1,
    2016
  ),(
    380,
    '3168902130',
    '2016021001',
    '物联网工程导论',
    '98',
    4.80,
    2.00,
    1,
    2016
  ),(
    381,
    '3168902131',
    '2016021001',
    '物联网工程导论',
    '78',
    2.80,
    2.00,
    1,
    2016
  ),(
    382,
    '3168902132',
    '2016021001',
    '物联网工程导论',
    '98',
    4.80,
    2.00,
    1,
    2016
  ),(
    383,
    '3168902133',
    '2016021001',
    '物联网工程导论',
    '88',
    3.80,
    2.00,
    1,
    2016
  ),(
    384,
    '3168902134',
    '2016021001',
    '物联网工程导论',
    '78',
    2.80,
    2.00,
    1,
    2016
  ),(
    385,
    '3168902135',
    '2016021001',
    '物联网工程导论',
    '98',
    4.80,
    2.00,
    1,
    2016
  ),(
    386,
    '3168902136',
    '2016021001',
    '物联网工程导论',
    '100',
    5.00,
    2.00,
    1,
    2016
  ),(
    387,
    '3168902137',
    '2016021001',
    '物联网工程导论',
    '100',
    5.00,
    2.00,
    1,
    2016
  ),(
    388,
    '3168902138',
    '2016021001',
    '物联网工程导论',
    '88',
    3.80,
    2.00,
    1,
    2016
  ),(
    389,
    '3168902139',
    '2016021001',
    '物联网工程导论',
    '65',
    1.50,
    2.00,
    1,
    2016
  ),(
    390,
    '3168902140',
    '2016021001',
    '物联网工程导论',
    '44',
    0.00,
    0.00,
    1,
    2016
  ),(
    391,
    '3168902102',
    '2016021001',
    '物联网工程导论',
    '87',
    3.70,
    2.00,
    1,
    2016
  ),(
    392,
    '3168902103',
    '2016021001',
    '物联网工程导论',
    '89',
    3.90,
    2.00,
    1,
    2016
  ),(
    393,
    '3168902104',
    '2016021001',
    '物联网工程导论',
    '78',
    2.80,
    2.00,
    1,
    2016
  ),(
    394,
    '3168902105',
    '2016021001',
    '物联网工程导论',
    '54',
    0.00,
    0.00,
    1,
    2016
  ),(
    395,
    '3168902106',
    '2016021001',
    '物联网工程导论',
    '55',
    0.00,
    0.00,
    1,
    2016
  ),(
    396,
    '3168902107',
    '2016021001',
    '物联网工程导论',
    '65',
    1.50,
    2.00,
    1,
    2016
  ),(
    397,
    '3168902108',
    '2016021001',
    '物联网工程导论',
    '45',
    0.00,
    0.00,
    1,
    2016
  ),(
    398,
    '3168902109',
    '2016021001',
    '物联网工程导论',
    '87',
    3.70,
    2.00,
    1,
    2016
  ),(
    399,
    '3168902110',
    '2016021001',
    '物联网工程导论',
    '66',
    1.60,
    2.00,
    1,
    2016
  ),(
    400,
    '3168902101',
    '2016021001',
    '物联网工程导论',
    '87',
    3.70,
    2.00,
    1,
    2016
  ),(
    401,
    '3168902141',
    '2016021001',
    '物联网工程导论',
    '87',
    3.70,
    2.00,
    1,
    2016
  ),(
    402,
    '3168902142',
    '2016021001',
    '物联网工程导论',
    '88',
    3.80,
    2.00,
    1,
    2016
  ),(
    403,
    '3168902143',
    '2016021001',
    '物联网工程导论',
    '98',
    4.80,
    2.00,
    1,
    2016
  ),(
    404,
    '3168902144',
    '2016021001',
    '物联网工程导论',
    '78',
    2.80,
    2.00,
    1,
    2016
  ),(
    405,
    '3168902145',
    '2016021001',
    '物联网工程导论',
    '54',
    0.00,
    0.00,
    1,
    2016
  ),(
    406,
    '3168902146',
    '2016021001',
    '物联网工程导论',
    '55',
    0.00,
    0.00,
    1,
    2016
  ),(
    407,
    '3168902147',
    '2016021001',
    '物联网工程导论',
    '65',
    1.50,
    2.00,
    1,
    2016
  ),(
    408,
    '3168902148',
    '2016021001',
    '物联网工程导论',
    '45',
    0.00,
    0.00,
    1,
    2016
  ),(
    409,
    '3168902149',
    '2016021001',
    '物联网工程导论',
    '55',
    0.00,
    0.00,
    1,
    2016
  ),(
    410,
    '3168902150',
    '2016021001',
    '物联网工程导论',
    '65',
    1.50,
    2.00,
    1,
    2016
  ),(
    411,
    '3168903101',
    '2016031001',
    '计算机网络技术',
    '88',
    3.80,
    1.00,
    1,
    2016
  ),(
    412,
    '3168903102',
    '2016031001',
    '计算机网络技术',
    '55',
    0.00,
    0.00,
    1,
    2016
  ),(
    413,
    '3168903103',
    '2016031001',
    '计算机网络技术',
    '76',
    2.60,
    1.00,
    1,
    2016
  ),(
    414,
    '3168903104',
    '2016031001',
    '计算机网络技术',
    '100',
    5.00,
    1.00,
    1,
    2016
  ),(
    415,
    '3168903105',
    '2016031001',
    '计算机网络技术',
    '100',
    5.00,
    1.00,
    1,
    2016
  ),(
    416,
    '3168903106',
    '2016031001',
    '计算机网络技术',
    '100',
    5.00,
    1.00,
    1,
    2016
  ),(
    417,
    '3168903107',
    '2016031001',
    '计算机网络技术',
    '76',
    2.60,
    1.00,
    1,
    2016
  ),(
    418,
    '3168903108',
    '2016031001',
    '计算机网络技术',
    '76',
    2.60,
    1.00,
    1,
    2016
  ),(
    419,
    '3168903109',
    '2016031001',
    '计算机网络技术',
    '88',
    3.80,
    1.00,
    1,
    2016
  ),(
    420,
    '3168903110',
    '2016031001',
    '计算机网络技术',
    '67',
    1.70,
    1.00,
    1,
    2016
  ),(
    421,
    '3168903111',
    '2016031001',
    '计算机网络技术',
    '76',
    2.60,
    1.00,
    1,
    2016
  ),(
    422,
    '3168903112',
    '2016031001',
    '计算机网络技术',
    '87',
    3.70,
    1.00,
    1,
    2016
  ),(
    423,
    '3168903113',
    '2016031001',
    '计算机网络技术',
    '66',
    1.60,
    1.00,
    1,
    2016
  ),(
    424,
    '3168903114',
    '2016031001',
    '计算机网络技术',
    '77',
    2.70,
    1.00,
    1,
    2016
  ),(
    425,
    '3168903115',
    '2016031001',
    '计算机网络技术',
    '87',
    3.70,
    1.00,
    1,
    2016
  ),(
    426,
    '3168903116',
    '2016031001',
    '计算机网络技术',
    '99',
    4.90,
    1.00,
    1,
    2016
  ),(
    427,
    '3168903117',
    '2016031001',
    '计算机网络技术',
    '87',
    3.70,
    1.00,
    1,
    2016
  ),(
    428,
    '3168903118',
    '2016031001',
    '计算机网络技术',
    '78',
    2.80,
    1.00,
    1,
    2016
  ),(
    429,
    '3168903119',
    '2016031001',
    '计算机网络技术',
    '88',
    3.80,
    1.00,
    1,
    2016
  ),(
    430,
    '3168903120',
    '2016031001',
    '计算机网络技术',
    '98',
    4.80,
    1.00,
    1,
    2016
  ),(
    431,
    '3168903121',
    '2016031001',
    '计算机网络技术',
    '100',
    5.00,
    1.00,
    1,
    2016
  ),(
    432,
    '3168903122',
    '2016031001',
    '计算机网络技术',
    '89',
    3.90,
    1.00,
    1,
    2016
  ),(
    433,
    '3168903123',
    '2016031001',
    '计算机网络技术',
    '77',
    2.70,
    1.00,
    1,
    2016
  ),(
    434,
    '3168903124',
    '2016031001',
    '计算机网络技术',
    '87',
    3.70,
    1.00,
    1,
    2016
  ),(
    435,
    '3168903125',
    '2016031001',
    '计算机网络技术',
    '88',
    3.80,
    1.00,
    1,
    2016
  ),(
    436,
    '3168903126',
    '2016031001',
    '计算机网络技术',
    '98',
    4.80,
    1.00,
    1,
    2016
  ),(
    437,
    '3168903127',
    '2016031001',
    '计算机网络技术',
    '87',
    3.70,
    1.00,
    1,
    2016
  ),(
    438,
    '3168903128',
    '2016031001',
    '计算机网络技术',
    '66',
    1.60,
    1.00,
    1,
    2016
  ),(
    439,
    '3168903129',
    '2016031001',
    '计算机网络技术',
    '87',
    3.70,
    1.00,
    1,
    2016
  ),(
    440,
    '3168903130',
    '2016031001',
    '计算机网络技术',
    '88',
    3.80,
    1.00,
    1,
    2016
  ),(
    441,
    '3168903131',
    '2016031001',
    '计算机网络技术',
    '88',
    3.80,
    1.00,
    1,
    2016
  ),(
    442,
    '3168903132',
    '2016031001',
    '计算机网络技术',
    '78',
    2.80,
    1.00,
    1,
    2016
  ),(
    443,
    '3168903133',
    '2016031001',
    '计算机网络技术',
    '87',
    3.70,
    1.00,
    1,
    2016
  ),(
    444,
    '3168903134',
    '2016031001',
    '计算机网络技术',
    '77',
    2.70,
    1.00,
    1,
    2016
  ),(
    445,
    '3168903135',
    '2016031001',
    '计算机网络技术',
    '87',
    3.70,
    1.00,
    1,
    2016
  ),(
    446,
    '3168903136',
    '2016031001',
    '计算机网络技术',
    '98',
    4.80,
    1.00,
    1,
    2016
  ),(
    447,
    '3168903137',
    '2016031001',
    '计算机网络技术',
    '78',
    2.80,
    1.00,
    1,
    2016
  ),(
    448,
    '3168903138',
    '2016031001',
    '计算机网络技术',
    '100',
    5.00,
    1.00,
    1,
    2016
  ),(
    449,
    '3168903139',
    '2016031001',
    '计算机网络技术',
    '78',
    2.80,
    1.00,
    1,
    2016
  ),(
    450,
    '3168903140',
    '2016031001',
    '计算机网络技术',
    '98',
    4.80,
    1.00,
    1,
    2016
  ),(
    451,
    '3168903141',
    '2016031001',
    '计算机网络技术',
    '78',
    2.80,
    1.00,
    1,
    2016
  ),(
    452,
    '3168903142',
    '2016031001',
    '计算机网络技术',
    '87',
    3.70,
    1.00,
    1,
    2016
  ),(
    453,
    '3168903143',
    '2016031001',
    '计算机网络技术',
    '88',
    3.80,
    1.00,
    1,
    2016
  ),(
    454,
    '3168903144',
    '2016031001',
    '计算机网络技术',
    '78',
    2.80,
    1.00,
    1,
    2016
  ),(
    455,
    '3168903145',
    '2016031001',
    '计算机网络技术',
    '87',
    3.70,
    1.00,
    1,
    2016
  ),(
    456,
    '3168903146',
    '2016031001',
    '计算机网络技术',
    '78',
    2.80,
    1.00,
    1,
    2016
  ),(
    457,
    '3168903147',
    '2016031001',
    '计算机网络技术',
    '99',
    4.90,
    1.00,
    1,
    2016
  ),(
    458,
    '3168903148',
    '2016031001',
    '计算机网络技术',
    '87',
    3.70,
    1.00,
    1,
    2016
  ),(
    459,
    '3168903149',
    '2016031001',
    '计算机网络技术',
    '87',
    3.70,
    1.00,
    1,
    2016
  ),(
    460,
    '3168903150',
    '2016031001',
    '计算机网络技术',
    '77',
    2.70,
    1.00,
    1,
    2016
  ),(
    461,
    '3168903151',
    '2016031001',
    '计算机网络技术',
    '89',
    3.90,
    1.00,
    1,
    2016
  ),(
    462,
    '3168903152',
    '2016031001',
    '计算机网络技术',
    '78',
    2.80,
    1.00,
    1,
    2016
  ),(
    463,
    '3168903153',
    '2016031001',
    '计算机网络技术',
    '78',
    2.80,
    1.00,
    1,
    2016
  ),(
    464,
    '3168903154',
    '2016031001',
    '计算机网络技术',
    '98',
    4.80,
    1.00,
    1,
    2016
  ),(
    465,
    '3168903155',
    '2016031001',
    '计算机网络技术',
    '87',
    3.70,
    1.00,
    1,
    2016
  ),(
    466,
    '3168903156',
    '2016031001',
    '计算机网络技术',
    '88',
    3.80,
    1.00,
    1,
    2016
  ),(
    467,
    '3168903157',
    '2016031001',
    '计算机网络技术',
    '77',
    2.70,
    1.00,
    1,
    2016
  ),(
    468,
    '3168903158',
    '2016031001',
    '计算机网络技术',
    '87',
    3.70,
    1.00,
    1,
    2016
  ),(
    469,
    '3168903159',
    '2016031001',
    '计算机网络技术',
    '87',
    3.70,
    1.00,
    1,
    2016
  ),(
    470,
    '3168903160',
    '2016031001',
    '计算机网络技术',
    '78',
    2.80,
    1.00,
    1,
    2016
  ),(
    471,
    '3168901101',
    '2016011008',
    '体育',
    '88',
    3.80,
    1.00,
    1,
    2016
  ),(
    472,
    '3168901101',
    '2016011010',
    '多媒体技术',
    '88',
    3.80,
    2.00,
    1,
    2016
  ),(
    473,
    '3168901101',
    '2016011007',
    '大学英语',
    '80',
    3.00,
    4.00,
    1,
    2016
  ),(
    474,
    '3168901101',
    '2016011009',
    '电子技术',
    '62',
    1.20,
    2.00,
    1,
    2016
  );
INSERT INTO
  student(
    id,
    real_name,
    school,
    admission_time,
    profession,
    grade,
    phone,
    sex,
    create_time
  )
VALUES(
    '3168901101',
    '林立川',
    '南通大学杏林学院',
    '2016',
    '电子信息工程',
    1601,
    '13358204423',
    1,
    '2020-03-31 15:50:22'
  ),(
    '3168901102',
    '韩季强',
    '南通大学杏林学院',
    '2016',
    '电子信息工程',
    1601,
    '13904568561',
    0,
    '2020-03-31 15:50:22'
  ),(
    '3168901103',
    '曹维启',
    '南通大学杏林学院',
    '2016',
    '电子信息工程',
    1601,
    '13700090921',
    0,
    '2020-03-31 15:53:31'
  ),(
    '3168901104',
    '吕德',
    '南通大学杏林学院',
    '2016',
    '电子信息工程',
    1601,
    '15903373628',
    1,
    '2020-03-31 15:53:31'
  ),(
    '3168901105',
    '柏泽',
    '南通大学杏林学院',
    '2016',
    '电子信息工程',
    1601,
    '13306440038',
    0,
    '2020-03-31 15:53:31'
  ),(
    '3168901106',
    '熊辉力',
    '南通大学杏林学院',
    '2016',
    '电子信息工程',
    1601,
    '13600865966',
    1,
    '2020-03-31 15:53:31'
  ),(
    '3168901107',
    '傅冠',
    '南通大学杏林学院',
    '2016',
    '电子信息工程',
    1601,
    '13701752096',
    0,
    '2020-03-31 15:53:32'
  ),(
    '3168901108',
    '酆保',
    '南通大学杏林学院',
    '2016',
    '电子信息工程',
    1601,
    '15200310443',
    1,
    '2020-03-31 15:53:32'
  ),(
    '3168901109',
    '郑腾',
    '南通大学杏林学院',
    '2016',
    '电子信息工程',
    1601,
    '13803191852',
    0,
    '2020-03-31 15:53:32'
  ),(
    '3168901110',
    '吴斌',
    '南通大学杏林学院',
    '2016',
    '电子信息工程',
    1601,
    '13104042247',
    0,
    '2020-03-31 15:53:32'
  ),(
    '3168901111',
    '柳慧巧',
    '南通大学杏林学院',
    '2016',
    '电子信息工程',
    1601,
    '13704864349',
    0,
    '2020-03-31 15:53:32'
  ),(
    '3168901112',
    '伏颖',
    '南通大学杏林学院',
    '2016',
    '电子信息工程',
    1601,
    '13003758800',
    0,
    '2020-03-31 15:53:32'
  ),(
    '3168901113',
    '鲍翔旭',
    '南通大学杏林学院',
    '2016',
    '电子信息工程',
    1601,
    '15105275012',
    0,
    '2020-03-31 15:53:32'
  ),(
    '3168901114',
    '周泰盛',
    '南通大学杏林学院',
    '2016',
    '电子信息工程',
    1601,
    '13605744985',
    1,
    '2020-03-31 15:53:32'
  ),(
    '3168901115',
    '葛思',
    '南通大学杏林学院',
    '2016',
    '电子信息工程',
    1601,
    '13102513003',
    0,
    '2020-03-31 15:53:32'
  ),(
    '3168901116',
    '舒乐',
    '南通大学杏林学院',
    '2016',
    '电子信息工程',
    1601,
    '13004250563',
    0,
    '2020-03-31 15:53:32'
  ),(
    '3168901117',
    '孔月莺',
    '南通大学杏林学院',
    '2016',
    '电子信息工程',
    1601,
    '13402975067',
    0,
    '2020-03-31 15:53:32'
  ),(
    '3168901118',
    '姜斌',
    '南通大学杏林学院',
    '2016',
    '电子信息工程',
    1601,
    '15301138688',
    1,
    '2020-03-31 15:53:32'
  ),(
    '3168901119',
    '汪敬震',
    '南通大学杏林学院',
    '2016',
    '电子信息工程',
    1601,
    '15704356031',
    0,
    '2020-03-31 15:53:32'
  ),(
    '3168901120',
    '曹旭',
    '南通大学杏林学院',
    '2016',
    '电子信息工程',
    1601,
    '13508641007',
    0,
    '2020-03-31 15:53:32'
  ),(
    '3168901121',
    '柳影荔',
    '南通大学杏林学院',
    '2016',
    '电子信息工程',
    1601,
    '13006594022',
    1,
    '2020-03-31 15:53:32'
  ),(
    '3168901122',
    '蓝敬震',
    '南通大学杏林学院',
    '2016',
    '电子信息工程',
    1601,
    '15001253493',
    0,
    '2020-03-31 15:53:32'
  ),(
    '3168901123',
    '陈启',
    '南通大学杏林学院',
    '2016',
    '电子信息工程',
    1601,
    '15901024868',
    1,
    '2020-03-31 15:53:33'
  ),(
    '3168901124',
    '严发',
    '南通大学杏林学院',
    '2016',
    '电子信息工程',
    1601,
    '13402228948',
    0,
    '2020-03-31 15:53:33'
  ),(
    '3168901125',
    '严强军',
    '南通大学杏林学院',
    '2016',
    '电子信息工程',
    1601,
    '13501243126',
    1,
    '2020-03-31 15:51:39'
  ),(
    '3168901126',
    '傅梅',
    '南通大学杏林学院',
    '2016',
    '电子信息工程',
    1601,
    '13304491796',
    0,
    '2020-03-31 15:57:17'
  ),(
    '3168901127',
    '齐莲',
    '南通大学杏林学院',
    '2016',
    '电子信息工程',
    1601,
    '13506746627',
    1,
    '2020-03-31 15:57:17'
  ),(
    '3168901128',
    '邹燕彩',
    '南通大学杏林学院',
    '2016',
    '电子信息工程',
    1601,
    '15806244167',
    1,
    '2020-03-31 15:57:17'
  ),(
    '3168901129',
    '滕承乐',
    '南通大学杏林学院',
    '2016',
    '电子信息工程',
    1601,
    '15302491589',
    1,
    '2020-03-31 15:57:18'
  ),(
    '3168901130',
    '吴翰',
    '南通大学杏林学院',
    '2016',
    '电子信息工程',
    1601,
    '15906814748',
    0,
    '2020-03-31 15:57:18'
  ),(
    '3168901131',
    '杨梦',
    '南通大学杏林学院',
    '2016',
    '电子信息工程',
    1601,
    '13507047383',
    0,
    '2020-03-31 15:57:18'
  ),(
    '3168901132',
    '尹厚庆',
    '南通大学杏林学院',
    '2016',
    '电子信息工程',
    1601,
    '15300773435',
    1,
    '2020-03-31 15:57:18'
  ),(
    '3168901133',
    '康莎',
    '南通大学杏林学院',
    '2016',
    '电子信息工程',
    1601,
    '15602604715',
    1,
    '2020-03-31 15:57:18'
  ),(
    '3168901134',
    '薛婉娴',
    '南通大学杏林学院',
    '2016',
    '电子信息工程',
    1601,
    '15206754657',
    1,
    '2020-03-31 15:57:18'
  ),(
    '3168901135',
    '毕强军',
    '南通大学杏林学院',
    '2016',
    '电子信息工程',
    1601,
    '13403206262',
    1,
    '2020-03-31 15:57:19'
  ),(
    '3168901136',
    '孔雅',
    '南通大学杏林学院',
    '2016',
    '电子信息工程',
    1601,
    '13406450046',
    0,
    '2020-03-31 15:57:19'
  ),(
    '3168901137',
    '谈世',
    '南通大学杏林学院',
    '2016',
    '电子信息工程',
    1601,
    '13307891428',
    0,
    '2020-03-31 15:57:19'
  ),(
    '3168901138',
    '米勤',
    '南通大学杏林学院',
    '2016',
    '电子信息工程',
    1601,
    '15606914831',
    0,
    '2020-03-31 15:57:19'
  ),(
    '3168901139',
    '水利清',
    '南通大学杏林学院',
    '2016',
    '电子信息工程',
    1601,
    '15008216365',
    1,
    '2020-03-31 15:57:19'
  ),(
    '3168901140',
    '昌飞彬',
    '南通大学杏林学院',
    '2016',
    '电子信息工程',
    1601,
    '13004858329',
    0,
    '2020-03-31 15:57:19'
  ),(
    '3168901141',
    '范之',
    '南通大学杏林学院',
    '2016',
    '电子信息工程',
    1601,
    '13500697610',
    0,
    '2020-03-31 15:57:19'
  ),(
    '3168901142',
    '薛聪澜',
    '南通大学杏林学院',
    '2016',
    '电子信息工程',
    1601,
    '13704804643',
    0,
    '2020-03-31 15:57:19'
  ),(
    '3168901143',
    '蓝盛',
    '南通大学杏林学院',
    '2016',
    '电子信息工程',
    1601,
    '13005132500',
    0,
    '2020-03-31 15:57:19'
  ),(
    '3168901144',
    '朱庆',
    '南通大学杏林学院',
    '2016',
    '电子信息工程',
    1601,
    '13107244178',
    0,
    '2020-03-31 15:57:19'
  ),(
    '3168901145',
    '殷环',
    '南通大学杏林学院',
    '2016',
    '电子信息工程',
    1601,
    '13605745626',
    0,
    '2020-03-31 15:57:20'
  ),(
    '3168901146',
    '水兴',
    '南通大学杏林学院',
    '2016',
    '电子信息工程',
    1601,
    '13906668841',
    0,
    '2020-03-31 15:57:20'
  ),(
    '3168901147',
    '姚言',
    '南通大学杏林学院',
    '2016',
    '电子信息工程',
    1601,
    '13003380011',
    0,
    '2020-03-31 15:57:20'
  ),(
    '3168901148',
    '邵震',
    '南通大学杏林学院',
    '2016',
    '电子信息工程',
    1601,
    '13707638959',
    1,
    '2020-03-31 15:57:20'
  ),(
    '3168901149',
    '史震',
    '南通大学杏林学院',
    '2016',
    '电子信息工程',
    1601,
    '15607800436',
    0,
    '2020-03-31 15:57:20'
  ),(
    '3168901150',
    '卞奇',
    '南通大学杏林学院',
    '2016',
    '电子信息工程',
    1601,
    '13903720567',
    0,
    '2020-03-31 15:57:20'
  ),(
    '3168901201',
    '范婉娴',
    '南通大学杏林学院',
    '2016',
    '电子信息工程',
    1602,
    '15200665684',
    0,
    '2020-03-31 16:01:20'
  ),(
    '3168901202',
    '廉善',
    '南通大学杏林学院',
    '2016',
    '电子信息工程',
    1602,
    '15103087634',
    1,
    '2020-03-31 16:01:20'
  ),(
    '3168901203',
    '倪士以',
    '南通大学杏林学院',
    '2016',
    '电子信息工程',
    1602,
    '13202301117',
    1,
    '2020-03-31 16:01:20'
  ),(
    '3168901204',
    '鲁梦',
    '南通大学杏林学院',
    '2016',
    '电子信息工程',
    1602,
    '15701427428',
    0,
    '2020-03-31 16:01:20'
  ),(
    '3168901205',
    '董素',
    '南通大学杏林学院',
    '2016',
    '电子信息工程',
    1602,
    '13004697373',
    1,
    '2020-03-31 16:01:21'
  ),(
    '3168901206',
    '孙山仁',
    '南通大学杏林学院',
    '2016',
    '电子信息工程',
    1602,
    '13103794192',
    0,
    '2020-03-31 16:01:21'
  ),(
    '3168901207',
    '贺山仁',
    '南通大学杏林学院',
    '2016',
    '电子信息工程',
    1602,
    '15707381051',
    0,
    '2020-03-31 16:01:21'
  ),(
    '3168901208',
    '严成',
    '南通大学杏林学院',
    '2016',
    '电子信息工程',
    1602,
    '13102565239',
    0,
    '2020-03-31 16:01:21'
  ),(
    '3168901209',
    '袁邦',
    '南通大学杏林学院',
    '2016',
    '电子信息工程',
    1602,
    '13801956288',
    1,
    '2020-03-31 16:01:21'
  ),(
    '3168901210',
    '邵清',
    '南通大学杏林学院',
    '2016',
    '电子信息工程',
    1602,
    '15302941699',
    0,
    '2020-03-31 16:01:21'
  ),(
    '3168901211',
    '曹平保',
    '南通大学杏林学院',
    '2016',
    '电子信息工程',
    1602,
    '13304641069',
    0,
    '2020-03-31 16:01:21'
  ),(
    '3168901212',
    '邵天',
    '南通大学杏林学院',
    '2016',
    '电子信息工程',
    1602,
    '15900528218',
    0,
    '2020-03-31 16:01:21'
  ),(
    '3168901213',
    '卞振壮',
    '南通大学杏林学院',
    '2016',
    '电子信息工程',
    1602,
    '15204903116',
    1,
    '2020-03-31 16:01:21'
  ),(
    '3168901214',
    '袁政谦',
    '南通大学杏林学院',
    '2016',
    '电子信息工程',
    1602,
    '15101678130',
    0,
    '2020-03-31 16:01:21'
  ),(
    '3168901215',
    '于波宁',
    '南通大学杏林学院',
    '2016',
    '电子信息工程',
    1602,
    '13708476173',
    0,
    '2020-03-31 16:01:21'
  ),(
    '3168901216',
    '柏家',
    '南通大学杏林学院',
    '2016',
    '电子信息工程',
    1602,
    '15201043973',
    0,
    '2020-03-31 16:01:21'
  ),(
    '3168901217',
    '葛德',
    '南通大学杏林学院',
    '2016',
    '电子信息工程',
    1602,
    '15006110211',
    0,
    '2020-03-31 16:01:21'
  ),(
    '3168901218',
    '王素',
    '南通大学杏林学院',
    '2016',
    '电子信息工程',
    1602,
    '15005900817',
    1,
    '2020-03-31 16:01:21'
  ),(
    '3168901219',
    '尹岚苑',
    '南通大学杏林学院',
    '2016',
    '电子信息工程',
    1602,
    '13108404753',
    0,
    '2020-03-31 16:01:22'
  ),(
    '3168901220',
    '滕树',
    '南通大学杏林学院',
    '2016',
    '电子信息工程',
    1602,
    '15903057279',
    0,
    '2020-03-31 16:01:22'
  ),(
    '3168901221',
    '黄菁梦',
    '南通大学杏林学院',
    '2016',
    '电子信息工程',
    1602,
    '13700871498',
    0,
    '2020-03-31 16:01:22'
  ),(
    '3168901222',
    '安桂',
    '南通大学杏林学院',
    '2016',
    '电子信息工程',
    1602,
    '15000897256',
    0,
    '2020-03-31 16:01:22'
  ),(
    '3168901223',
    '邵波宁',
    '南通大学杏林学院',
    '2016',
    '电子信息工程',
    1602,
    '13500587267',
    0,
    '2020-03-31 16:01:22'
  ),(
    '3168901224',
    '米雄琛',
    '南通大学杏林学院',
    '2016',
    '电子信息工程',
    1602,
    '15805237601',
    0,
    '2020-03-31 16:01:22'
  ),(
    '3168901225',
    '昌全',
    '南通大学杏林学院',
    '2016',
    '电子信息工程',
    1602,
    '15901796970',
    0,
    '2020-03-31 16:01:22'
  ),(
    '3168901226',
    '明娴',
    '南通大学杏林学院',
    '2016',
    '电子信息工程',
    1602,
    '15005352602',
    0,
    '2020-03-31 16:01:22'
  ),(
    '3168901227',
    '梁咏卿',
    '南通大学杏林学院',
    '2016',
    '电子信息工程',
    1602,
    '13604517122',
    0,
    '2020-03-31 16:01:22'
  ),(
    '3168901228',
    '米富顺',
    '南通大学杏林学院',
    '2016',
    '电子信息工程',
    1602,
    '13303637011',
    0,
    '2020-03-31 16:01:22'
  ),(
    '3168901229',
    '韩飞彬',
    '南通大学杏林学院',
    '2016',
    '电子信息工程',
    1602,
    '13705887682',
    0,
    '2020-03-31 16:01:22'
  ),(
    '3168901230',
    '钱明永',
    '南通大学杏林学院',
    '2016',
    '电子信息工程',
    1602,
    '15101923463',
    1,
    '2020-03-31 16:01:22'
  ),(
    '3168901231',
    '纪宁',
    '南通大学杏林学院',
    '2016',
    '电子信息工程',
    1602,
    '15308857297',
    0,
    '2020-03-31 16:01:22'
  ),(
    '3168901232',
    '陶坚和',
    '南通大学杏林学院',
    '2016',
    '电子信息工程',
    1602,
    '13300181425',
    0,
    '2020-03-31 16:01:22'
  ),(
    '3168901233',
    '成晨辰',
    '南通大学杏林学院',
    '2016',
    '电子信息工程',
    1602,
    '15101247675',
    1,
    '2020-03-31 16:01:22'
  ),(
    '3168901234',
    '酆融',
    '南通大学杏林学院',
    '2016',
    '电子信息工程',
    1602,
    '15004932761',
    1,
    '2020-03-31 16:01:22'
  ),(
    '3168901235',
    '闵文',
    '南通大学杏林学院',
    '2016',
    '电子信息工程',
    1602,
    '15605853783',
    1,
    '2020-03-31 16:01:23'
  ),(
    '3168901236',
    '毛翔旭',
    '南通大学杏林学院',
    '2016',
    '电子信息工程',
    1602,
    '15508876086',
    0,
    '2020-03-31 16:01:23'
  ),(
    '3168901237',
    '戚豪',
    '南通大学杏林学院',
    '2016',
    '电子信息工程',
    1602,
    '13804981406',
    0,
    '2020-03-31 16:01:23'
  ),(
    '3168901238',
    '窦保',
    '南通大学杏林学院',
    '2016',
    '电子信息工程',
    1602,
    '13804422431',
    0,
    '2020-03-31 16:01:23'
  ),(
    '3168901239',
    '殷力',
    '南通大学杏林学院',
    '2016',
    '电子信息工程',
    1602,
    '15700181146',
    1,
    '2020-03-31 16:01:23'
  ),(
    '3168901240',
    '云琰',
    '南通大学杏林学院',
    '2016',
    '电子信息工程',
    1602,
    '13203990980',
    0,
    '2020-03-31 16:01:23'
  ),(
    '3168901241',
    '宋信子',
    '南通大学杏林学院',
    '2016',
    '电子信息工程',
    1602,
    '13301951352',
    1,
    '2020-03-31 16:01:23'
  ),(
    '3168901242',
    '喻梦',
    '南通大学杏林学院',
    '2016',
    '电子信息工程',
    1602,
    '15907352579',
    0,
    '2020-03-31 16:01:23'
  ),(
    '3168901243',
    '狄琳素',
    '南通大学杏林学院',
    '2016',
    '电子信息工程',
    1602,
    '13605291327',
    1,
    '2020-03-31 16:01:23'
  ),(
    '3168901244',
    '蓝岩中',
    '南通大学杏林学院',
    '2016',
    '电子信息工程',
    1602,
    '15005721758',
    0,
    '2020-03-31 16:01:24'
  ),(
    '3168901245',
    '潘琛',
    '南通大学杏林学院',
    '2016',
    '电子信息工程',
    1602,
    '15102333417',
    1,
    '2020-03-31 16:01:24'
  ),(
    '3168901246',
    '余娣叶',
    '南通大学杏林学院',
    '2016',
    '电子信息工程',
    1602,
    '13108318197',
    1,
    '2020-03-31 16:01:24'
  ),(
    '3168901247',
    '谢克伦',
    '南通大学杏林学院',
    '2016',
    '电子信息工程',
    1602,
    '15206410040',
    0,
    '2020-03-31 16:01:24'
  ),(
    '3168901248',
    '昌冠',
    '南通大学杏林学院',
    '2016',
    '电子信息工程',
    1602,
    '15303469002',
    0,
    '2020-03-31 16:01:24'
  ),(
    '3168901249',
    '滕栋',
    '南通大学杏林学院',
    '2016',
    '电子信息工程',
    1602,
    '15103267560',
    0,
    '2020-03-31 16:01:24'
  ),(
    '3168901250',
    '曹河哲',
    '南通大学杏林学院',
    '2016',
    '电子信息工程',
    1602,
    '13008637635',
    0,
    '2020-03-31 16:01:24'
  ),(
    '3168901324',
    '林立川',
    '南通大学杏林学院',
    '2016',
    '电子信息工程',
    1603,
    '13358204723',
    0,
    '2020-03-31 23:57:59'
  ),(
    '3168902101',
    '席壮',
    '南通大学杏林学院',
    '2016',
    '物联网',
    1601,
    '15103486559',
    0,
    '2020-03-31 16:02:38'
  ),(
    '3168902102',
    '孙涛',
    '南通大学杏林学院',
    '2016',
    '物联网',
    1601,
    '13405007356',
    0,
    '2020-03-31 16:02:38'
  ),(
    '3168902103',
    '俞翔旭',
    '南通大学杏林学院',
    '2016',
    '物联网',
    1601,
    '15306108810',
    0,
    '2020-03-31 16:02:38'
  ),(
    '3168902104',
    '汤璐',
    '南通大学杏林学院',
    '2016',
    '物联网',
    1601,
    '13303164030',
    1,
    '2020-03-31 16:02:38'
  ),(
    '3168902105',
    '和菊',
    '南通大学杏林学院',
    '2016',
    '物联网',
    1601,
    '13805636006',
    1,
    '2020-03-31 16:02:38'
  ),(
    '3168902106',
    '乐邦',
    '南通大学杏林学院',
    '2016',
    '物联网',
    1601,
    '15101332030',
    0,
    '2020-03-31 16:02:38'
  ),(
    '3168902107',
    '袁林有',
    '南通大学杏林学院',
    '2016',
    '物联网',
    1601,
    '13507104946',
    0,
    '2020-03-31 16:02:38'
  ),(
    '3168902108',
    '穆博',
    '南通大学杏林学院',
    '2016',
    '物联网',
    1601,
    '15702516509',
    1,
    '2020-03-31 16:02:39'
  ),(
    '3168902109',
    '殷全',
    '南通大学杏林学院',
    '2016',
    '物联网',
    1601,
    '13305743836',
    1,
    '2020-03-31 16:02:39'
  ),(
    '3168902110',
    '卫飘育',
    '南通大学杏林学院',
    '2016',
    '物联网',
    1601,
    '13403998966',
    1,
    '2020-03-31 16:02:39'
  ),(
    '3168902111',
    '章之',
    '南通大学杏林学院',
    '2016',
    '物联网',
    1601,
    '13603544801',
    1,
    '2020-03-31 16:02:39'
  ),(
    '3168902112',
    '姜君琴',
    '南通大学杏林学院',
    '2016',
    '物联网',
    1601,
    '15201964043',
    1,
    '2020-03-31 16:02:39'
  ),(
    '3168902113',
    '袁茗',
    '南通大学杏林学院',
    '2016',
    '物联网',
    1601,
    '15508095896',
    0,
    '2020-03-31 16:02:39'
  ),(
    '3168902114',
    '戴震',
    '南通大学杏林学院',
    '2016',
    '物联网',
    1601,
    '15101167731',
    0,
    '2020-03-31 16:02:40'
  ),(
    '3168902115',
    '许策腾',
    '南通大学杏林学院',
    '2016',
    '物联网',
    1601,
    '13506343459',
    0,
    '2020-03-31 16:02:40'
  ),(
    '3168902116',
    '陈莉桂',
    '南通大学杏林学院',
    '2016',
    '物联网',
    1601,
    '15106679011',
    0,
    '2020-03-31 16:02:40'
  ),(
    '3168902117',
    '朱兴',
    '南通大学杏林学院',
    '2016',
    '物联网',
    1601,
    '15302426853',
    0,
    '2020-03-31 16:02:40'
  ),(
    '3168902118',
    '酆黛',
    '南通大学杏林学院',
    '2016',
    '物联网',
    1601,
    '13608096005',
    0,
    '2020-03-31 16:02:40'
  ),(
    '3168902119',
    '陶岚苑',
    '南通大学杏林学院',
    '2016',
    '物联网',
    1601,
    '15003078999',
    0,
    '2020-03-31 16:02:40'
  ),(
    '3168902120',
    '章坚和',
    '南通大学杏林学院',
    '2016',
    '物联网',
    1601,
    '13603367319',
    1,
    '2020-03-31 16:02:40'
  ),(
    '3168902121',
    '云芸',
    '南通大学杏林学院',
    '2016',
    '物联网',
    1601,
    '13900754208',
    1,
    '2020-03-31 16:02:40'
  ),(
    '3168902122',
    '滕泰盛',
    '南通大学杏林学院',
    '2016',
    '物联网',
    1601,
    '13500132249',
    0,
    '2020-03-31 16:02:40'
  ),(
    '3168902123',
    '张莲',
    '南通大学杏林学院',
    '2016',
    '物联网',
    1601,
    '15003028260',
    1,
    '2020-03-31 16:02:41'
  ),(
    '3168902124',
    '吴宜可',
    '南通大学杏林学院',
    '2016',
    '物联网',
    1601,
    '15804581074',
    0,
    '2020-03-31 16:02:41'
  ),(
    '3168902125',
    '韩茜秋',
    '南通大学杏林学院',
    '2016',
    '物联网',
    1601,
    '15202835736',
    1,
    '2020-03-31 16:02:41'
  ),(
    '3168902126',
    '祝兰凤',
    '南通大学杏林学院',
    '2016',
    '物联网',
    1601,
    '13403960525',
    0,
    '2020-03-31 16:02:41'
  ),(
    '3168902127',
    '韩珠',
    '南通大学杏林学院',
    '2016',
    '物联网',
    1601,
    '13904268355',
    0,
    '2020-03-31 16:02:41'
  ),(
    '3168902128',
    '齐思',
    '南通大学杏林学院',
    '2016',
    '物联网',
    1601,
    '15503093998',
    0,
    '2020-03-31 16:02:41'
  ),(
    '3168902129',
    '祝飞彬',
    '南通大学杏林学院',
    '2016',
    '物联网',
    1601,
    '13101859008',
    0,
    '2020-03-31 16:02:41'
  ),(
    '3168902130',
    '尤刚',
    '南通大学杏林学院',
    '2016',
    '物联网',
    1601,
    '15902102066',
    1,
    '2020-03-31 16:02:41'
  ),(
    '3168902131',
    '平寒',
    '南通大学杏林学院',
    '2016',
    '物联网',
    1601,
    '15704166295',
    1,
    '2020-03-31 16:02:41'
  ),(
    '3168902132',
    '杨亮',
    '南通大学杏林学院',
    '2016',
    '物联网',
    1601,
    '13107006338',
    0,
    '2020-03-31 16:02:41'
  ),(
    '3168902133',
    '雷生龙',
    '南通大学杏林学院',
    '2016',
    '物联网',
    1601,
    '13101926692',
    0,
    '2020-03-31 16:02:41'
  ),(
    '3168902134',
    '康婕馨',
    '南通大学杏林学院',
    '2016',
    '物联网',
    1601,
    '15600040596',
    1,
    '2020-03-31 16:02:42'
  ),(
    '3168902135',
    '袁健世',
    '南通大学杏林学院',
    '2016',
    '物联网',
    1601,
    '13108545292',
    0,
    '2020-03-31 16:02:42'
  ),(
    '3168902136',
    '梁莎',
    '南通大学杏林学院',
    '2016',
    '物联网',
    1601,
    '13400511072',
    0,
    '2020-03-31 16:02:42'
  ),(
    '3168902137',
    '湛军',
    '南通大学杏林学院',
    '2016',
    '物联网',
    1601,
    '15503630832',
    0,
    '2020-03-31 16:02:42'
  ),(
    '3168902138',
    '朱杰涛',
    '南通大学杏林学院',
    '2016',
    '物联网',
    1601,
    '13904171530',
    1,
    '2020-03-31 16:02:42'
  ),(
    '3168902139',
    '喻炎德',
    '南通大学杏林学院',
    '2016',
    '物联网',
    1601,
    '15805347451',
    1,
    '2020-03-31 16:02:42'
  ),(
    '3168902140',
    '尹月莺',
    '南通大学杏林学院',
    '2016',
    '物联网',
    1601,
    '15505291717',
    0,
    '2020-03-31 16:02:42'
  ),(
    '3168902141',
    '茅民',
    '南通大学杏林学院',
    '2016',
    '物联网',
    1601,
    '15204632454',
    1,
    '2020-03-31 16:02:42'
  ),(
    '3168902142',
    '鲁健世',
    '南通大学杏林学院',
    '2016',
    '物联网',
    1601,
    '13206965608',
    1,
    '2020-03-31 16:02:43'
  ),(
    '3168902143',
    '袁启',
    '南通大学杏林学院',
    '2016',
    '物联网',
    1601,
    '13104485856',
    0,
    '2020-03-31 16:02:43'
  ),(
    '3168902144',
    '滕朋斌',
    '南通大学杏林学院',
    '2016',
    '物联网',
    1601,
    '15903052507',
    1,
    '2020-03-31 16:02:43'
  ),(
    '3168902145',
    '董顺',
    '南通大学杏林学院',
    '2016',
    '物联网',
    1601,
    '13902584245',
    0,
    '2020-03-31 16:02:43'
  ),(
    '3168902146',
    '苏辉力',
    '南通大学杏林学院',
    '2016',
    '物联网',
    1601,
    '15807118947',
    1,
    '2020-03-31 16:02:43'
  ),(
    '3168902147',
    '贝厚庆',
    '南通大学杏林学院',
    '2016',
    '物联网',
    1601,
    '15607921314',
    0,
    '2020-03-31 16:02:44'
  ),(
    '3168902148',
    '卞健世',
    '南通大学杏林学院',
    '2016',
    '物联网',
    1601,
    '15005296876',
    1,
    '2020-03-31 16:02:44'
  ),(
    '3168902149',
    '伍会思',
    '南通大学杏林学院',
    '2016',
    '物联网',
    1601,
    '15007587312',
    1,
    '2020-03-31 16:02:44'
  ),(
    '3168902150',
    '陈伯',
    '南通大学杏林学院',
    '2016',
    '物联网',
    1601,
    '13605841004',
    1,
    '2020-03-31 16:02:44'
  ),(
    '3168903101',
    '元才发',
    '南通大学杏林学院',
    '2016',
    '计算机',
    1601,
    '13103547031',
    0,
    '2020-03-31 16:04:16'
  ),(
    '3168903102',
    '余伯',
    '南通大学杏林学院',
    '2016',
    '计算机',
    1601,
    '15604376436',
    0,
    '2020-03-31 16:04:16'
  ),(
    '3168903103',
    '云光天',
    '南通大学杏林学院',
    '2016',
    '计算机',
    1601,
    '15502865043',
    0,
    '2020-03-31 16:04:16'
  ),(
    '3168903104',
    '傅珊莎',
    '南通大学杏林学院',
    '2016',
    '计算机',
    1601,
    '15606345572',
    0,
    '2020-03-31 16:04:16'
  ),(
    '3168903105',
    '唐强军',
    '南通大学杏林学院',
    '2016',
    '计算机',
    1601,
    '13602820914',
    0,
    '2020-03-31 16:04:16'
  ),(
    '3168903106',
    '卞军',
    '南通大学杏林学院',
    '2016',
    '计算机',
    1601,
    '15704135823',
    0,
    '2020-03-31 16:04:16'
  ),(
    '3168903107',
    '苏乐',
    '南通大学杏林学院',
    '2016',
    '计算机',
    1601,
    '13108878576',
    0,
    '2020-03-31 16:04:17'
  ),(
    '3168903108',
    '宋超',
    '南通大学杏林学院',
    '2016',
    '计算机',
    1601,
    '15801237351',
    0,
    '2020-03-31 16:04:17'
  ),(
    '3168903109',
    '朱馥',
    '南通大学杏林学院',
    '2016',
    '计算机',
    1601,
    '13000817911',
    1,
    '2020-03-31 16:04:17'
  ),(
    '3168903110',
    '屈波宁',
    '南通大学杏林学院',
    '2016',
    '计算机',
    1601,
    '15801190411',
    1,
    '2020-03-31 16:04:17'
  ),(
    '3168903111',
    '葛莲',
    '南通大学杏林学院',
    '2016',
    '计算机',
    1601,
    '13200454507',
    1,
    '2020-03-31 16:04:17'
  ),(
    '3168903112',
    '孙荔',
    '南通大学杏林学院',
    '2016',
    '计算机',
    1601,
    '13704534046',
    1,
    '2020-03-31 16:04:17'
  ),(
    '3168903113',
    '花武新',
    '南通大学杏林学院',
    '2016',
    '计算机',
    1601,
    '15808323376',
    0,
    '2020-03-31 16:04:17'
  ),(
    '3168903114',
    '伏振壮',
    '南通大学杏林学院',
    '2016',
    '计算机',
    1601,
    '15706043432',
    0,
    '2020-03-31 16:04:17'
  ),(
    '3168903115',
    '茅岩中',
    '南通大学杏林学院',
    '2016',
    '计算机',
    1601,
    '13002866039',
    0,
    '2020-03-31 16:04:17'
  ),(
    '3168903116',
    '倪辰',
    '南通大学杏林学院',
    '2016',
    '计算机',
    1601,
    '13603716371',
    0,
    '2020-03-31 16:04:17'
  ),(
    '3168903117',
    '史元全',
    '南通大学杏林学院',
    '2016',
    '计算机',
    1601,
    '13602182506',
    0,
    '2020-03-31 16:04:17'
  ),(
    '3168903118',
    '宋磊民',
    '南通大学杏林学院',
    '2016',
    '计算机',
    1601,
    '15902811178',
    1,
    '2020-03-31 16:04:17'
  ),(
    '3168903119',
    '祁纯毓',
    '南通大学杏林学院',
    '2016',
    '计算机',
    1601,
    '15808573157',
    0,
    '2020-03-31 16:04:18'
  ),(
    '3168903120',
    '殷融',
    '南通大学杏林学院',
    '2016',
    '计算机',
    1601,
    '13405893627',
    1,
    '2020-03-31 16:04:18'
  ),(
    '3168903121',
    '米健世',
    '南通大学杏林学院',
    '2016',
    '计算机',
    1601,
    '13003773456',
    0,
    '2020-03-31 16:04:18'
  ),(
    '3168903122',
    '明秀娟',
    '南通大学杏林学院',
    '2016',
    '计算机',
    1601,
    '13404290952',
    0,
    '2020-03-31 16:04:18'
  ),(
    '3168903123',
    '窦娣叶',
    '南通大学杏林学院',
    '2016',
    '计算机',
    1601,
    '13100236570',
    1,
    '2020-03-31 16:04:18'
  ),(
    '3168903124',
    '计冰爽',
    '南通大学杏林学院',
    '2016',
    '计算机',
    1601,
    '15702601224',
    0,
    '2020-03-31 16:04:18'
  ),(
    '3168903125',
    '谈舒',
    '南通大学杏林学院',
    '2016',
    '计算机',
    1601,
    '15003818062',
    0,
    '2020-03-31 16:04:18'
  ),(
    '3168903126',
    '顾眉',
    '南通大学杏林学院',
    '2016',
    '计算机',
    1601,
    '15107282488',
    1,
    '2020-03-31 16:04:19'
  ),(
    '3168903127',
    '褚新',
    '南通大学杏林学院',
    '2016',
    '计算机',
    1601,
    '15605921069',
    1,
    '2020-03-31 16:04:19'
  ),(
    '3168903128',
    '周春菊',
    '南通大学杏林学院',
    '2016',
    '计算机',
    1601,
    '13005820297',
    0,
    '2020-03-31 16:04:19'
  ),(
    '3168903129',
    '熊晓',
    '南通大学杏林学院',
    '2016',
    '计算机',
    1601,
    '15308567262',
    0,
    '2020-03-31 16:04:19'
  ),(
    '3168903130',
    '余岚苑',
    '南通大学杏林学院',
    '2016',
    '计算机',
    1601,
    '15304308001',
    1,
    '2020-03-31 16:04:19'
  ),(
    '3168903131',
    '汪咏卿',
    '南通大学杏林学院',
    '2016',
    '计算机',
    1601,
    '13001385871',
    0,
    '2020-03-31 16:04:19'
  ),(
    '3168903132',
    '屈红',
    '南通大学杏林学院',
    '2016',
    '计算机',
    1601,
    '13301538384',
    1,
    '2020-03-31 16:04:19'
  ),(
    '3168903133',
    '邹生龙',
    '南通大学杏林学院',
    '2016',
    '计算机',
    1601,
    '13605362553',
    1,
    '2020-03-31 16:04:19'
  ),(
    '3168903134',
    '倪山仁',
    '南通大学杏林学院',
    '2016',
    '计算机',
    1601,
    '15905396257',
    0,
    '2020-03-31 16:04:19'
  ),(
    '3168903135',
    '喻坚和',
    '南通大学杏林学院',
    '2016',
    '计算机',
    1601,
    '13608855055',
    0,
    '2020-03-31 16:04:19'
  ),(
    '3168903136',
    '戚盛',
    '南通大学杏林学院',
    '2016',
    '计算机',
    1601,
    '15606708614',
    0,
    '2020-03-31 16:04:19'
  ),(
    '3168903137',
    '乐发',
    '南通大学杏林学院',
    '2016',
    '计算机',
    1601,
    '13002970580',
    0,
    '2020-03-31 16:04:19'
  ),(
    '3168903138',
    '韦星',
    '南通大学杏林学院',
    '2016',
    '计算机',
    1601,
    '15208574865',
    0,
    '2020-03-31 16:04:20'
  ),(
    '3168903139',
    '唐明永',
    '南通大学杏林学院',
    '2016',
    '计算机',
    1601,
    '13507304825',
    0,
    '2020-03-31 16:04:20'
  ),(
    '3168903140',
    '曹辉力',
    '南通大学杏林学院',
    '2016',
    '计算机',
    1601,
    '15600438238',
    0,
    '2020-03-31 16:04:20'
  ),(
    '3168903141',
    '杜楠榕',
    '南通大学杏林学院',
    '2016',
    '计算机',
    1601,
    '13602362192',
    0,
    '2020-03-31 16:04:20'
  ),(
    '3168903142',
    '苗彬',
    '南通大学杏林学院',
    '2016',
    '计算机',
    1601,
    '13201425239',
    0,
    '2020-03-31 16:04:20'
  ),(
    '3168903143',
    '任丹',
    '南通大学杏林学院',
    '2016',
    '计算机',
    1601,
    '15808123448',
    0,
    '2020-03-31 16:04:20'
  ),(
    '3168903144',
    '朱真环',
    '南通大学杏林学院',
    '2016',
    '计算机',
    1601,
    '13708397491',
    0,
    '2020-03-31 16:04:21'
  ),(
    '3168903145',
    '喻欣',
    '南通大学杏林学院',
    '2016',
    '计算机',
    1601,
    '13904380381',
    0,
    '2020-03-31 16:04:21'
  ),(
    '3168903146',
    '杜进',
    '南通大学杏林学院',
    '2016',
    '计算机',
    1601,
    '15307768082',
    0,
    '2020-03-31 16:04:21'
  ),(
    '3168903147',
    '费国胜',
    '南通大学杏林学院',
    '2016',
    '计算机',
    1601,
    '13004227758',
    0,
    '2020-03-31 16:04:21'
  ),(
    '3168903148',
    '计有',
    '南通大学杏林学院',
    '2016',
    '计算机',
    1601,
    '15300275062',
    0,
    '2020-03-31 16:04:21'
  ),(
    '3168903149',
    '沈梁栋',
    '南通大学杏林学院',
    '2016',
    '计算机',
    1601,
    '15203263894',
    0,
    '2020-03-31 16:04:21'
  ),(
    '3168903150',
    '臧艺',
    '南通大学杏林学院',
    '2016',
    '计算机',
    1601,
    '15700102986',
    1,
    '2020-03-31 16:04:21'
  ),(
    '3168903151',
    '邹伟刚',
    '南通大学杏林学院',
    '2016',
    '计算机',
    1601,
    '13200214912',
    1,
    '2020-03-31 16:04:21'
  ),(
    '3168903152',
    '鲍刚',
    '南通大学杏林学院',
    '2016',
    '计算机',
    1601,
    '13908224032',
    0,
    '2020-03-31 16:04:21'
  ),(
    '3168903153',
    '萧俊峰',
    '南通大学杏林学院',
    '2016',
    '计算机',
    1601,
    '13206005405',
    0,
    '2020-03-31 16:04:22'
  ),(
    '3168903154',
    '臧梁栋',
    '南通大学杏林学院',
    '2016',
    '计算机',
    1601,
    '15506807247',
    1,
    '2020-03-31 16:04:22'
  ),(
    '3168903155',
    '祝子',
    '南通大学杏林学院',
    '2016',
    '计算机',
    1601,
    '13304790554',
    0,
    '2020-03-31 16:04:22'
  ),(
    '3168903156',
    '沈盛',
    '南通大学杏林学院',
    '2016',
    '计算机',
    1601,
    '13706062577',
    0,
    '2020-03-31 16:04:22'
  ),(
    '3168903157',
    '谢叶',
    '南通大学杏林学院',
    '2016',
    '计算机',
    1601,
    '13204126549',
    0,
    '2020-03-31 16:04:22'
  ),(
    '3168903158',
    '鲁咏卿',
    '南通大学杏林学院',
    '2016',
    '计算机',
    1601,
    '13608542851',
    0,
    '2020-03-31 16:04:22'
  ),(
    '3168903159',
    '曹倩',
    '南通大学杏林学院',
    '2016',
    '计算机',
    1601,
    '13601900215',
    0,
    '2020-03-31 16:04:22'
  ),(
    '3168903160',
    '戴峰',
    '南通大学杏林学院',
    '2016',
    '计算机',
    1601,
    '15106011572',
    0,
    '2020-03-31 16:04:22'
  ),(
    '3168904101',
    '赵浩亮',
    '南通大学杏林学院',
    '2016',
    '通信工程',
    1601,
    '13505125127',
    1,
    '2020-03-31 16:06:06'
  ),(
    '3168904102',
    '卞菲寒',
    '南通大学杏林学院',
    '2016',
    '通信工程',
    1601,
    '15804904927',
    1,
    '2020-03-31 16:06:06'
  ),(
    '3168904103',
    '葛家',
    '南通大学杏林学院',
    '2016',
    '通信工程',
    1601,
    '13604445841',
    0,
    '2020-03-31 16:06:06'
  ),(
    '3168904104',
    '吕嘉',
    '南通大学杏林学院',
    '2016',
    '通信工程',
    1601,
    '15205658984',
    0,
    '2020-03-31 16:06:06'
  ),(
    '3168904105',
    '邬清',
    '南通大学杏林学院',
    '2016',
    '通信工程',
    1601,
    '13007448079',
    0,
    '2020-03-31 16:06:06'
  ),(
    '3168904106',
    '苏学祥',
    '南通大学杏林学院',
    '2016',
    '通信工程',
    1601,
    '15208054294',
    0,
    '2020-03-31 16:06:06'
  ),(
    '3168904107',
    '马芝玉',
    '南通大学杏林学院',
    '2016',
    '通信工程',
    1601,
    '15200115470',
    1,
    '2020-03-31 16:06:06'
  ),(
    '3168904108',
    '云敬震',
    '南通大学杏林学院',
    '2016',
    '通信工程',
    1601,
    '13001260738',
    1,
    '2020-03-31 16:06:06'
  ),(
    '3168904109',
    '宋全',
    '南通大学杏林学院',
    '2016',
    '通信工程',
    1601,
    '13007791693',
    1,
    '2020-03-31 16:06:07'
  ),(
    '3168904110',
    '康苑',
    '南通大学杏林学院',
    '2016',
    '通信工程',
    1601,
    '13604936676',
    1,
    '2020-03-31 16:06:07'
  ),(
    '3168904111',
    '尹羽希',
    '南通大学杏林学院',
    '2016',
    '通信工程',
    1601,
    '13307840205',
    0,
    '2020-03-31 16:06:07'
  ),(
    '3168904112',
    '鲍义兴',
    '南通大学杏林学院',
    '2016',
    '通信工程',
    1601,
    '15204966979',
    1,
    '2020-03-31 16:06:07'
  ),(
    '3168904113',
    '云清',
    '南通大学杏林学院',
    '2016',
    '通信工程',
    1601,
    '13603440902',
    0,
    '2020-03-31 16:06:07'
  ),(
    '3168904114',
    '戴娟',
    '南通大学杏林学院',
    '2016',
    '通信工程',
    1601,
    '13903597786',
    0,
    '2020-03-31 16:06:07'
  ),(
    '3168904115',
    '汪福',
    '南通大学杏林学院',
    '2016',
    '通信工程',
    1601,
    '15205787430',
    0,
    '2020-03-31 16:06:08'
  ),(
    '3168904116',
    '屈泽',
    '南通大学杏林学院',
    '2016',
    '通信工程',
    1601,
    '13104365811',
    0,
    '2020-03-31 16:06:08'
  ),(
    '3168904117',
    '李滢馥',
    '南通大学杏林学院',
    '2016',
    '通信工程',
    1601,
    '13607196617',
    0,
    '2020-03-31 16:06:08'
  ),(
    '3168904118',
    '方超',
    '南通大学杏林学院',
    '2016',
    '通信工程',
    1601,
    '13404356920',
    1,
    '2020-03-31 16:06:08'
  ),(
    '3168904119',
    '陈昌成',
    '南通大学杏林学院',
    '2016',
    '通信工程',
    1601,
    '15802804961',
    0,
    '2020-03-31 16:06:08'
  ),(
    '3168904120',
    '纪炎德',
    '南通大学杏林学院',
    '2016',
    '通信工程',
    1601,
    '15306760885',
    0,
    '2020-03-31 16:06:08'
  ),(
    '3168904121',
    '吕龙',
    '南通大学杏林学院',
    '2016',
    '通信工程',
    1601,
    '15000545035',
    0,
    '2020-03-31 16:06:08'
  ),(
    '3168904122',
    '苗巧',
    '南通大学杏林学院',
    '2016',
    '通信工程',
    1601,
    '15507556383',
    0,
    '2020-03-31 16:06:08'
  ),(
    '3168904123',
    '杜澜',
    '南通大学杏林学院',
    '2016',
    '通信工程',
    1601,
    '13604614894',
    0,
    '2020-03-31 16:06:08'
  ),(
    '3168904124',
    '熊世',
    '南通大学杏林学院',
    '2016',
    '通信工程',
    1601,
    '13500874579',
    0,
    '2020-03-31 16:06:08'
  ),(
    '3168904125',
    '安泰盛',
    '南通大学杏林学院',
    '2016',
    '通信工程',
    1601,
    '15107975617',
    0,
    '2020-03-31 16:06:08'
  ),(
    '3168904126',
    '鲍山仁',
    '南通大学杏林学院',
    '2016',
    '通信工程',
    1601,
    '13605760092',
    1,
    '2020-03-31 16:06:08'
  ),(
    '3168904127',
    '任英华',
    '南通大学杏林学院',
    '2016',
    '通信工程',
    1601,
    '15503136993',
    1,
    '2020-03-31 16:06:09'
  ),(
    '3168904128',
    '成仪',
    '南通大学杏林学院',
    '2016',
    '通信工程',
    1601,
    '15302981655',
    1,
    '2020-03-31 16:06:09'
  ),(
    '3168904129',
    '杜固之',
    '南通大学杏林学院',
    '2016',
    '通信工程',
    1601,
    '15008304791',
    1,
    '2020-03-31 16:06:09'
  ),(
    '3168904130',
    '茅成',
    '南通大学杏林学院',
    '2016',
    '通信工程',
    1601,
    '13800952780',
    0,
    '2020-03-31 16:06:09'
  ),(
    '3168904131',
    '于磊民',
    '南通大学杏林学院',
    '2016',
    '通信工程',
    1601,
    '15607931925',
    0,
    '2020-03-31 16:06:09'
  ),(
    '3168904132',
    '柳芳',
    '南通大学杏林学院',
    '2016',
    '通信工程',
    1601,
    '13706950569',
    0,
    '2020-03-31 16:06:09'
  ),(
    '3168904133',
    '余海',
    '南通大学杏林学院',
    '2016',
    '通信工程',
    1601,
    '13704891330',
    0,
    '2020-03-31 16:06:09'
  ),(
    '3168904134',
    '卞霞香',
    '南通大学杏林学院',
    '2016',
    '通信工程',
    1601,
    '13100480633',
    1,
    '2020-03-31 16:06:09'
  ),(
    '3168904135',
    '倪学祥',
    '南通大学杏林学院',
    '2016',
    '通信工程',
    1601,
    '15107555810',
    1,
    '2020-03-31 16:06:09'
  ),(
    '3168904136',
    '严琦',
    '南通大学杏林学院',
    '2016',
    '通信工程',
    1601,
    '13906328892',
    1,
    '2020-03-31 16:06:09'
  ),(
    '3168904137',
    '余时',
    '南通大学杏林学院',
    '2016',
    '通信工程',
    1601,
    '13201590518',
    1,
    '2020-03-31 16:06:09'
  ),(
    '3168904138',
    '凤亚',
    '南通大学杏林学院',
    '2016',
    '通信工程',
    1601,
    '15301276714',
    1,
    '2020-03-31 16:06:09'
  ),(
    '3168904139',
    '褚言',
    '南通大学杏林学院',
    '2016',
    '通信工程',
    1601,
    '15708360649',
    1,
    '2020-03-31 16:06:10'
  ),(
    '3168904140',
    '禹发',
    '南通大学杏林学院',
    '2016',
    '通信工程',
    1601,
    '15101258148',
    0,
    '2020-03-31 16:06:10'
  ),(
    '3168904141',
    '彭亚',
    '南通大学杏林学院',
    '2016',
    '通信工程',
    1601,
    '13706551100',
    1,
    '2020-03-31 16:06:10'
  ),(
    '3168904142',
    '赵若鸣',
    '南通大学杏林学院',
    '2016',
    '通信工程',
    1601,
    '13500586474',
    0,
    '2020-03-31 16:06:10'
  ),(
    '3168904143',
    '苏振壮',
    '南通大学杏林学院',
    '2016',
    '通信工程',
    1601,
    '13007713265',
    0,
    '2020-03-31 16:06:10'
  ),(
    '3168904144',
    '魏君琴',
    '南通大学杏林学院',
    '2016',
    '通信工程',
    1601,
    '15603145688',
    0,
    '2020-03-31 16:06:10'
  ),(
    '3168904145',
    '阮清',
    '南通大学杏林学院',
    '2016',
    '通信工程',
    1601,
    '13101556782',
    0,
    '2020-03-31 16:06:10'
  ),(
    '3168904146',
    '陶仪',
    '南通大学杏林学院',
    '2016',
    '通信工程',
    1601,
    '15102578553',
    0,
    '2020-03-31 16:06:10'
  ),(
    '3168904147',
    '孙江超',
    '南通大学杏林学院',
    '2016',
    '通信工程',
    1601,
    '13300085346',
    1,
    '2020-03-31 16:06:10'
  ),(
    '3168904148',
    '罗保',
    '南通大学杏林学院',
    '2016',
    '通信工程',
    1601,
    '15307366857',
    0,
    '2020-03-31 16:06:10'
  ),(
    '3168904149',
    '陈菁梦',
    '南通大学杏林学院',
    '2016',
    '通信工程',
    1601,
    '15503606222',
    1,
    '2020-03-31 16:06:11'
  ),(
    '3168904150',
    '陶之',
    '南通大学杏林学院',
    '2016',
    '通信工程',
    1601,
    '15101498900',
    1,
    '2020-03-31 16:06:11'
  ),(
    '3168904151',
    '贝菲寒',
    '南通大学杏林学院',
    '2016',
    '通信工程',
    1601,
    '13301842690',
    1,
    '2020-03-31 16:06:11'
  ),(
    '3168904152',
    '茅士以',
    '南通大学杏林学院',
    '2016',
    '通信工程',
    1601,
    '13804657813',
    0,
    '2020-03-31 16:06:11'
  ),(
    '3168904153',
    '湛先',
    '南通大学杏林学院',
    '2016',
    '通信工程',
    1601,
    '13901004234',
    1,
    '2020-03-31 16:06:11'
  ),(
    '3168904154',
    '纪思',
    '南通大学杏林学院',
    '2016',
    '通信工程',
    1601,
    '13403936099',
    0,
    '2020-03-31 16:06:11'
  ),(
    '3168904155',
    '杜广志',
    '南通大学杏林学院',
    '2016',
    '通信工程',
    1601,
    '15202426390',
    0,
    '2020-03-31 16:06:11'
  ),(
    '3168904156',
    '王伯',
    '南通大学杏林学院',
    '2016',
    '通信工程',
    1601,
    '13406052420',
    1,
    '2020-03-31 16:06:12'
  ),(
    '3168904157',
    '奚翔旭',
    '南通大学杏林学院',
    '2016',
    '通信工程',
    1601,
    '15601417194',
    0,
    '2020-03-31 16:06:12'
  ),(
    '3168904158',
    '谈东文',
    '南通大学杏林学院',
    '2016',
    '通信工程',
    1601,
    '13204147851',
    0,
    '2020-03-31 16:06:12'
  ),(
    '3168904159',
    '萧亮',
    '南通大学杏林学院',
    '2016',
    '通信工程',
    1601,
    '13500583800',
    0,
    '2020-03-31 16:06:12'
  ),(
    '3168904160',
    '唐新',
    '南通大学杏林学院',
    '2016',
    '通信工程',
    1601,
    '15005468008',
    0,
    '2020-03-31 16:06:12'
  ),(
    '3168904201',
    '唐康星',
    '南通大学杏林学院',
    '2016',
    '通信工程',
    1602,
    '13800714945',
    0,
    '2020-03-31 16:06:55'
  ),(
    '3168904202',
    '薛毅',
    '南通大学杏林学院',
    '2016',
    '通信工程',
    1602,
    '13002833874',
    1,
    '2020-03-31 16:06:55'
  ),(
    '3168904203',
    '陈博',
    '南通大学杏林学院',
    '2016',
    '通信工程',
    1602,
    '13608750816',
    0,
    '2020-03-31 16:06:55'
  ),(
    '3168904204',
    '许林有',
    '南通大学杏林学院',
    '2016',
    '通信工程',
    1602,
    '13004811461',
    0,
    '2020-03-31 16:06:55'
  ),(
    '3168904205',
    '戴富顺',
    '南通大学杏林学院',
    '2016',
    '通信工程',
    1602,
    '13103532396',
    0,
    '2020-03-31 16:06:55'
  ),(
    '3168904206',
    '窦义兴',
    '南通大学杏林学院',
    '2016',
    '通信工程',
    1602,
    '15808022844',
    0,
    '2020-03-31 16:06:55'
  ),(
    '3168904207',
    '殷梅',
    '南通大学杏林学院',
    '2016',
    '通信工程',
    1602,
    '15300893109',
    0,
    '2020-03-31 16:06:55'
  ),(
    '3168904208',
    '黄固之',
    '南通大学杏林学院',
    '2016',
    '通信工程',
    1602,
    '15607603244',
    0,
    '2020-03-31 16:06:56'
  ),(
    '3168904209',
    '闵红',
    '南通大学杏林学院',
    '2016',
    '通信工程',
    1602,
    '15806815153',
    1,
    '2020-03-31 16:06:56'
  ),(
    '3168904210',
    '袁君琴',
    '南通大学杏林学院',
    '2016',
    '通信工程',
    1602,
    '15607796076',
    1,
    '2020-03-31 16:06:56'
  ),(
    '3168904211',
    '华翰',
    '南通大学杏林学院',
    '2016',
    '通信工程',
    1602,
    '15901698233',
    0,
    '2020-03-31 16:06:56'
  ),(
    '3168904212',
    '岑伊亚',
    '南通大学杏林学院',
    '2016',
    '通信工程',
    1602,
    '15606441224',
    0,
    '2020-03-31 16:06:56'
  ),(
    '3168904213',
    '曹维启',
    '南通大学杏林学院',
    '2016',
    '通信工程',
    1602,
    '13803145331',
    0,
    '2020-03-31 16:06:56'
  ),(
    '3168904214',
    '蓝时',
    '南通大学杏林学院',
    '2016',
    '通信工程',
    1602,
    '13202367671',
    1,
    '2020-03-31 16:06:56'
  ),(
    '3168904215',
    '朱影荔',
    '南通大学杏林学院',
    '2016',
    '通信工程',
    1602,
    '13900805004',
    1,
    '2020-03-31 16:06:56'
  ),(
    '3168904216',
    '茅祥',
    '南通大学杏林学院',
    '2016',
    '通信工程',
    1602,
    '13307565071',
    0,
    '2020-03-31 16:06:56'
  ),(
    '3168904217',
    '尤群豪',
    '南通大学杏林学院',
    '2016',
    '通信工程',
    1602,
    '13407666082',
    0,
    '2020-03-31 16:06:56'
  ),(
    '3168904218',
    '曹利清',
    '南通大学杏林学院',
    '2016',
    '通信工程',
    1602,
    '15207096014',
    1,
    '2020-03-31 16:06:56'
  ),(
    '3168904219',
    '袁子',
    '南通大学杏林学院',
    '2016',
    '通信工程',
    1602,
    '13907830158',
    0,
    '2020-03-31 16:06:57'
  ),(
    '3168904220',
    '祁刚',
    '南通大学杏林学院',
    '2016',
    '通信工程',
    1602,
    '15305143563',
    1,
    '2020-03-31 16:06:57'
  ),(
    '3168904221',
    '戚武新',
    '南通大学杏林学院',
    '2016',
    '通信工程',
    1602,
    '15303945832',
    0,
    '2020-03-31 16:06:57'
  ),(
    '3168904222',
    '曹荷丹',
    '南通大学杏林学院',
    '2016',
    '通信工程',
    1602,
    '13707885335',
    0,
    '2020-03-31 16:06:57'
  ),(
    '3168904223',
    '严斌',
    '南通大学杏林学院',
    '2016',
    '通信工程',
    1602,
    '13800210942',
    1,
    '2020-03-31 16:06:57'
  ),(
    '3168904224',
    '彭苑',
    '南通大学杏林学院',
    '2016',
    '通信工程',
    1602,
    '13206596867',
    1,
    '2020-03-31 16:06:57'
  ),(
    '3168904225',
    '鲁晨辰',
    '南通大学杏林学院',
    '2016',
    '通信工程',
    1602,
    '15502376599',
    0,
    '2020-03-31 16:06:57'
  ),(
    '3168904226',
    '苏秀娟',
    '南通大学杏林学院',
    '2016',
    '通信工程',
    1602,
    '15101991093',
    0,
    '2020-03-31 16:06:57'
  ),(
    '3168904227',
    '柳美娜',
    '南通大学杏林学院',
    '2016',
    '通信工程',
    1602,
    '15705426277',
    0,
    '2020-03-31 16:06:57'
  ),(
    '3168904228',
    '齐致树',
    '南通大学杏林学院',
    '2016',
    '通信工程',
    1602,
    '15603912822',
    0,
    '2020-03-31 16:06:57'
  ),(
    '3168904229',
    '庞生龙',
    '南通大学杏林学院',
    '2016',
    '通信工程',
    1602,
    '13706932275',
    0,
    '2020-03-31 16:06:57'
  ),(
    '3168904230',
    '奚贵福',
    '南通大学杏林学院',
    '2016',
    '通信工程',
    1602,
    '15305825752',
    1,
    '2020-03-31 16:06:58'
  ),(
    '3168904231',
    '吴武新',
    '南通大学杏林学院',
    '2016',
    '通信工程',
    1602,
    '13608679000',
    1,
    '2020-03-31 16:06:58'
  ),(
    '3168904232',
    '祝辉力',
    '南通大学杏林学院',
    '2016',
    '通信工程',
    1602,
    '13204133213',
    0,
    '2020-03-31 16:06:58'
  ),(
    '3168904233',
    '陈成',
    '南通大学杏林学院',
    '2016',
    '通信工程',
    1602,
    '13008885135',
    0,
    '2020-03-31 16:06:58'
  ),(
    '3168904234',
    '史壮',
    '南通大学杏林学院',
    '2016',
    '通信工程',
    1602,
    '15301550866',
    0,
    '2020-03-31 16:06:58'
  ),(
    '3168904235',
    '孙行时',
    '南通大学杏林学院',
    '2016',
    '通信工程',
    1602,
    '13400484901',
    0,
    '2020-03-31 16:06:58'
  ),(
    '3168904236',
    '倪君琴',
    '南通大学杏林学院',
    '2016',
    '通信工程',
    1602,
    '15803543399',
    0,
    '2020-03-31 16:06:58'
  ),(
    '3168904237',
    '柳怡婵',
    '南通大学杏林学院',
    '2016',
    '通信工程',
    1602,
    '13503267307',
    1,
    '2020-03-31 16:06:58'
  ),(
    '3168904238',
    '元元全',
    '南通大学杏林学院',
    '2016',
    '通信工程',
    1602,
    '15701543994',
    0,
    '2020-03-31 16:06:59'
  ),(
    '3168904239',
    '施谦',
    '南通大学杏林学院',
    '2016',
    '通信工程',
    1602,
    '15601576505',
    0,
    '2020-03-31 16:06:59'
  ),(
    '3168904240',
    '时凤',
    '南通大学杏林学院',
    '2016',
    '通信工程',
    1602,
    '15805388550',
    0,
    '2020-03-31 16:06:59'
  ),(
    '3168904241',
    '张固之',
    '南通大学杏林学院',
    '2016',
    '通信工程',
    1602,
    '15208713721',
    1,
    '2020-03-31 16:06:59'
  ),(
    '3168904242',
    '范梁栋',
    '南通大学杏林学院',
    '2016',
    '通信工程',
    1602,
    '15202824411',
    0,
    '2020-03-31 16:06:59'
  ),(
    '3168904243',
    '任舒',
    '南通大学杏林学院',
    '2016',
    '通信工程',
    1602,
    '13502407279',
    0,
    '2020-03-31 16:06:59'
  ),(
    '3168904244',
    '郑会思',
    '南通大学杏林学院',
    '2016',
    '通信工程',
    1602,
    '15105699002',
    0,
    '2020-03-31 16:06:59'
  ),(
    '3168904245',
    '严娜',
    '南通大学杏林学院',
    '2016',
    '通信工程',
    1602,
    '15502555116',
    0,
    '2020-03-31 16:06:59'
  ),(
    '3168904246',
    '沈子',
    '南通大学杏林学院',
    '2016',
    '通信工程',
    1602,
    '15205826176',
    1,
    '2020-03-31 16:07:00'
  ),(
    '3168904247',
    '齐辰',
    '南通大学杏林学院',
    '2016',
    '通信工程',
    1602,
    '15005297958',
    1,
    '2020-03-31 16:07:00'
  ),(
    '3168904248',
    '葛才发',
    '南通大学杏林学院',
    '2016',
    '通信工程',
    1602,
    '13107087922',
    1,
    '2020-03-31 16:07:00'
  ),(
    '3168904249',
    '雷晨辰',
    '南通大学杏林学院',
    '2016',
    '通信工程',
    1602,
    '13004418366',
    0,
    '2020-03-31 16:07:00'
  ),(
    '3168904250',
    '姚强军',
    '南通大学杏林学院',
    '2016',
    '通信工程',
    1602,
    '13407660787',
    0,
    '2020-03-31 16:07:00'
  ),(
    '3168905101',
    '薛有',
    '南通大学杏林学院',
    '2016',
    '土木工程',
    1601,
    '13901818612',
    0,
    '2020-03-31 16:09:50'
  ),(
    '3168905102',
    '邵瑾颖',
    '南通大学杏林学院',
    '2016',
    '土木工程',
    1601,
    '13607570681',
    0,
    '2020-03-31 16:09:50'
  ),(
    '3168905103',
    '许梁栋',
    '南通大学杏林学院',
    '2016',
    '土木工程',
    1601,
    '15900673026',
    0,
    '2020-03-31 16:09:50'
  ),(
    '3168905104',
    '杜珍贞',
    '南通大学杏林学院',
    '2016',
    '土木工程',
    1601,
    '13603046662',
    0,
    '2020-03-31 16:09:50'
  ),(
    '3168905105',
    '计娜',
    '南通大学杏林学院',
    '2016',
    '土木工程',
    1601,
    '15208423996',
    0,
    '2020-03-31 16:09:50'
  ),(
    '3168905106',
    '傅悦昭',
    '南通大学杏林学院',
    '2016',
    '土木工程',
    1601,
    '13801109039',
    0,
    '2020-03-31 16:09:50'
  ),(
    '3168905107',
    '陈亮',
    '南通大学杏林学院',
    '2016',
    '土木工程',
    1601,
    '13204516620',
    0,
    '2020-03-31 16:09:50'
  ),(
    '3168905108',
    '和维启',
    '南通大学杏林学院',
    '2016',
    '土木工程',
    1601,
    '15703470448',
    0,
    '2020-03-31 16:09:50'
  ),(
    '3168905109',
    '谢朋斌',
    '南通大学杏林学院',
    '2016',
    '土木工程',
    1601,
    '15307806665',
    0,
    '2020-03-31 16:09:51'
  ),(
    '3168905110',
    '祁浩亮',
    '南通大学杏林学院',
    '2016',
    '土木工程',
    1601,
    '15607922192',
    0,
    '2020-03-31 16:09:51'
  ),(
    '3168905111',
    '褚飘育',
    '南通大学杏林学院',
    '2016',
    '土木工程',
    1601,
    '13102471312',
    0,
    '2020-03-31 16:09:51'
  ),(
    '3168905112',
    '酆保',
    '南通大学杏林学院',
    '2016',
    '土木工程',
    1601,
    '15601978199',
    0,
    '2020-03-31 16:09:51'
  ),(
    '3168905113',
    '殷艳',
    '南通大学杏林学院',
    '2016',
    '土木工程',
    1601,
    '15908681481',
    0,
    '2020-03-31 16:09:51'
  ),(
    '3168905114',
    '蒋荣',
    '南通大学杏林学院',
    '2016',
    '土木工程',
    1601,
    '15502914776',
    0,
    '2020-03-31 16:09:51'
  ),(
    '3168905115',
    '赵斌',
    '南通大学杏林学院',
    '2016',
    '土木工程',
    1601,
    '15802154872',
    0,
    '2020-03-31 16:09:51'
  ),(
    '3168905116',
    '昌刚',
    '南通大学杏林学院',
    '2016',
    '土木工程',
    1601,
    '13902011844',
    0,
    '2020-03-31 16:09:51'
  ),(
    '3168905117',
    '酆韵融',
    '南通大学杏林学院',
    '2016',
    '土木工程',
    1601,
    '15807331449',
    0,
    '2020-03-31 16:09:51'
  ),(
    '3168905118',
    '卞亮',
    '南通大学杏林学院',
    '2016',
    '土木工程',
    1601,
    '13403826440',
    0,
    '2020-03-31 16:09:51'
  ),(
    '3168905119',
    '谢武新',
    '南通大学杏林学院',
    '2016',
    '土木工程',
    1601,
    '15208237578',
    0,
    '2020-03-31 16:09:51'
  ),(
    '3168905120',
    '元竹霭',
    '南通大学杏林学院',
    '2016',
    '土木工程',
    1601,
    '13100257391',
    0,
    '2020-03-31 16:09:52'
  ),(
    '3168905121',
    '黄义兴',
    '南通大学杏林学院',
    '2016',
    '土木工程',
    1601,
    '13902875920',
    0,
    '2020-03-31 16:09:52'
  ),(
    '3168905122',
    '尹蓉眉',
    '南通大学杏林学院',
    '2016',
    '土木工程',
    1601,
    '13406892790',
    0,
    '2020-03-31 16:09:52'
  ),(
    '3168905123',
    '戴叶',
    '南通大学杏林学院',
    '2016',
    '土木工程',
    1601,
    '13906166126',
    0,
    '2020-03-31 16:09:52'
  ),(
    '3168905124',
    '皮坚和',
    '南通大学杏林学院',
    '2016',
    '土木工程',
    1601,
    '15608627381',
    0,
    '2020-03-31 16:09:52'
  ),(
    '3168905125',
    '马妍',
    '南通大学杏林学院',
    '2016',
    '土木工程',
    1601,
    '13607867762',
    0,
    '2020-03-31 16:09:52'
  ),(
    '3168905126',
    '倪永',
    '南通大学杏林学院',
    '2016',
    '土木工程',
    1601,
    '13501937379',
    0,
    '2020-03-31 16:09:52'
  ),(
    '3168905127',
    '狄爱妹',
    '南通大学杏林学院',
    '2016',
    '土木工程',
    1601,
    '15100787017',
    0,
    '2020-03-31 16:09:52'
  ),(
    '3168905128',
    '方先',
    '南通大学杏林学院',
    '2016',
    '土木工程',
    1601,
    '15804813609',
    0,
    '2020-03-31 16:09:52'
  ),(
    '3168905129',
    '褚世',
    '南通大学杏林学院',
    '2016',
    '土木工程',
    1601,
    '13502793981',
    1,
    '2020-03-31 16:10:19'
  ),(
    '3168905130',
    '何伊亚',
    '南通大学杏林学院',
    '2016',
    '土木工程',
    1601,
    '13608516609',
    1,
    '2020-03-31 16:10:19'
  ),(
    '3168906101',
    '汤士以',
    '南通大学杏林学院',
    '2016',
    '网络工程',
    1601,
    '15608252593',
    0,
    '2020-03-31 16:11:40'
  ),(
    '3168906102',
    '姜馨',
    '南通大学杏林学院',
    '2016',
    '网络工程',
    1601,
    '15601755368',
    0,
    '2020-03-31 16:11:40'
  ),(
    '3168906103',
    '毕平保',
    '南通大学杏林学院',
    '2016',
    '网络工程',
    1601,
    '15503969000',
    0,
    '2020-03-31 16:11:40'
  ),(
    '3168906104',
    '蒋涛',
    '南通大学杏林学院',
    '2016',
    '网络工程',
    1601,
    '15108786958',
    1,
    '2020-03-31 16:11:40'
  ),(
    '3168906105',
    '苏康星',
    '南通大学杏林学院',
    '2016',
    '网络工程',
    1601,
    '15106743118',
    0,
    '2020-03-31 16:11:40'
  ),(
    '3168906106',
    '赵英华',
    '南通大学杏林学院',
    '2016',
    '网络工程',
    1601,
    '13705411042',
    0,
    '2020-03-31 16:11:40'
  ),(
    '3168906107',
    '皮钧冠',
    '南通大学杏林学院',
    '2016',
    '网络工程',
    1601,
    '13606992942',
    0,
    '2020-03-31 16:11:40'
  ),(
    '3168906108',
    '阮功',
    '南通大学杏林学院',
    '2016',
    '网络工程',
    1601,
    '13203153390',
    1,
    '2020-03-31 16:11:40'
  ),(
    '3168906109',
    '薛新',
    '南通大学杏林学院',
    '2016',
    '网络工程',
    1601,
    '13202115410',
    1,
    '2020-03-31 16:11:41'
  ),(
    '3168906110',
    '章俊峰',
    '南通大学杏林学院',
    '2016',
    '网络工程',
    1601,
    '13502487476',
    1,
    '2020-03-31 16:11:41'
  ),(
    '3168906111',
    '张秀娟',
    '南通大学杏林学院',
    '2016',
    '网络工程',
    1601,
    '15203818581',
    0,
    '2020-03-31 16:11:41'
  ),(
    '3168906112',
    '计建家',
    '南通大学杏林学院',
    '2016',
    '网络工程',
    1601,
    '13304451272',
    1,
    '2020-03-31 16:11:41'
  ),(
    '3168906113',
    '时瑞凡',
    '南通大学杏林学院',
    '2016',
    '网络工程',
    1601,
    '15708462518',
    0,
    '2020-03-31 16:11:41'
  ),(
    '3168906114',
    '郎栋',
    '南通大学杏林学院',
    '2016',
    '网络工程',
    1601,
    '15707293272',
    1,
    '2020-03-31 16:11:41'
  ),(
    '3168906115',
    '任勇毅',
    '南通大学杏林学院',
    '2016',
    '网络工程',
    1601,
    '13504573344',
    0,
    '2020-03-31 16:11:41'
  ),(
    '3168906116',
    '昌克伦',
    '南通大学杏林学院',
    '2016',
    '网络工程',
    1601,
    '15508016482',
    0,
    '2020-03-31 16:11:41'
  ),(
    '3168906117',
    '计超',
    '南通大学杏林学院',
    '2016',
    '网络工程',
    1601,
    '13203201154',
    1,
    '2020-03-31 16:11:41'
  ),(
    '3168906118',
    '蒋芬芳',
    '南通大学杏林学院',
    '2016',
    '网络工程',
    1601,
    '15807766531',
    0,
    '2020-03-31 16:11:41'
  ),(
    '3168906119',
    '熊枫芸',
    '南通大学杏林学院',
    '2016',
    '网络工程',
    1601,
    '13400800200',
    1,
    '2020-03-31 16:11:41'
  ),(
    '3168906120',
    '范浩亮',
    '南通大学杏林学院',
    '2016',
    '网络工程',
    1601,
    '13907121638',
    0,
    '2020-03-31 16:11:41'
  ),(
    '3168906121',
    '臧馨',
    '南通大学杏林学院',
    '2016',
    '网络工程',
    1601,
    '13406022569',
    1,
    '2020-03-31 16:11:41'
  ),(
    '3168906122',
    '戴利清',
    '南通大学杏林学院',
    '2016',
    '网络工程',
    1601,
    '13200037105',
    1,
    '2020-03-31 16:11:41'
  ),(
    '3168906123',
    '湛博',
    '南通大学杏林学院',
    '2016',
    '网络工程',
    1601,
    '13007677305',
    1,
    '2020-03-31 16:11:41'
  ),(
    '3168906124',
    '邹淑',
    '南通大学杏林学院',
    '2016',
    '网络工程',
    1601,
    '15506476352',
    1,
    '2020-03-31 16:11:42'
  ),(
    '3168906125',
    '禹嘉',
    '南通大学杏林学院',
    '2016',
    '网络工程',
    1601,
    '13908771178',
    1,
    '2020-03-31 16:11:42'
  ),(
    '3168906126',
    '萧仁',
    '南通大学杏林学院',
    '2016',
    '网络工程',
    1601,
    '15901601340',
    0,
    '2020-03-31 16:11:42'
  ),(
    '3168906127',
    '吕坚和',
    '南通大学杏林学院',
    '2016',
    '网络工程',
    1601,
    '13805965539',
    0,
    '2020-03-31 16:11:42'
  ),(
    '3168906128',
    '许倩',
    '南通大学杏林学院',
    '2016',
    '网络工程',
    1601,
    '15802938330',
    0,
    '2020-03-31 16:11:42'
  ),(
    '3168906129',
    '喻士以',
    '南通大学杏林学院',
    '2016',
    '网络工程',
    1601,
    '15805126327',
    0,
    '2020-03-31 16:11:43'
  ),(
    '3168906130',
    '苏胜',
    '南通大学杏林学院',
    '2016',
    '网络工程',
    1601,
    '15003487861',
    1,
    '2020-03-31 16:11:43'
  ),(
    '3168906131',
    '岑平保',
    '南通大学杏林学院',
    '2016',
    '网络工程',
    1601,
    '13906575021',
    1,
    '2020-03-31 16:11:43'
  ),(
    '3168906132',
    '贝颖',
    '南通大学杏林学院',
    '2016',
    '网络工程',
    1601,
    '15101909008',
    1,
    '2020-03-31 16:11:43'
  ),(
    '3168906133',
    '赵晓',
    '南通大学杏林学院',
    '2016',
    '网络工程',
    1601,
    '13606533815',
    0,
    '2020-03-31 16:11:43'
  ),(
    '3168906134',
    '姜康星',
    '南通大学杏林学院',
    '2016',
    '网络工程',
    1601,
    '13001808887',
    1,
    '2020-03-31 16:11:43'
  ),(
    '3168906135',
    '俞天',
    '南通大学杏林学院',
    '2016',
    '网络工程',
    1601,
    '15501357410',
    0,
    '2020-03-31 16:11:43'
  ),(
    '3168906136',
    '鲁彩',
    '南通大学杏林学院',
    '2016',
    '网络工程',
    1601,
    '13406551954',
    0,
    '2020-03-31 16:11:43'
  ),(
    '3168906137',
    '朱福',
    '南通大学杏林学院',
    '2016',
    '网络工程',
    1601,
    '15904713617',
    1,
    '2020-03-31 16:11:43'
  ),(
    '3168906138',
    '赵才发',
    '南通大学杏林学院',
    '2016',
    '网络工程',
    1601,
    '13002780489',
    0,
    '2020-03-31 16:11:43'
  ),(
    '3168906139',
    '窦义兴',
    '南通大学杏林学院',
    '2016',
    '网络工程',
    1601,
    '15200933313',
    0,
    '2020-03-31 16:11:43'
  ),(
    '3168906140',
    '郑永',
    '南通大学杏林学院',
    '2016',
    '网络工程',
    1601,
    '15008184885',
    0,
    '2020-03-31 16:11:43'
  ),(
    '3168906141',
    '康梁栋',
    '南通大学杏林学院',
    '2016',
    '网络工程',
    1601,
    '15902453985',
    1,
    '2020-03-31 16:11:43'
  ),(
    '3168906142',
    '岑梅',
    '南通大学杏林学院',
    '2016',
    '网络工程',
    1601,
    '15103860726',
    0,
    '2020-03-31 16:11:43'
  ),(
    '3168906143',
    '杨海',
    '南通大学杏林学院',
    '2016',
    '网络工程',
    1601,
    '13407639067',
    0,
    '2020-03-31 16:11:44'
  ),(
    '3168906144',
    '时腾',
    '南通大学杏林学院',
    '2016',
    '网络工程',
    1601,
    '13708174471',
    0,
    '2020-03-31 16:11:44'
  ),(
    '3168906145',
    '席平保',
    '南通大学杏林学院',
    '2016',
    '网络工程',
    1601,
    '13406474693',
    0,
    '2020-03-31 16:11:44'
  ),(
    '3168906146',
    '柳和',
    '南通大学杏林学院',
    '2016',
    '网络工程',
    1601,
    '13600293419',
    0,
    '2020-03-31 16:11:44'
  ),(
    '3168906147',
    '蓝鸣',
    '南通大学杏林学院',
    '2016',
    '网络工程',
    1601,
    '13704193769',
    1,
    '2020-03-31 16:11:44'
  ),(
    '3168906148',
    '余进',
    '南通大学杏林学院',
    '2016',
    '网络工程',
    1601,
    '13106543020',
    0,
    '2020-03-31 16:11:44'
  ),(
    '3168906149',
    '伍言',
    '南通大学杏林学院',
    '2016',
    '网络工程',
    1601,
    '13601944276',
    0,
    '2020-03-31 16:11:44'
  ),(
    '3168906150',
    '尤克伦',
    '南通大学杏林学院',
    '2016',
    '网络工程',
    1601,
    '15206614057',
    0,
    '2020-03-31 16:11:44'
  ),(
    '3168906201',
    '韦晨辰',
    '南通大学杏林学院',
    '2016',
    '网络工程',
    1602,
    '13904222241',
    0,
    '2020-03-31 16:12:37'
  ),(
    '3168906202',
    '乐辰',
    '南通大学杏林学院',
    '2016',
    '网络工程',
    1602,
    '13007183609',
    1,
    '2020-03-31 16:12:37'
  ),(
    '3168906203',
    '纪安',
    '南通大学杏林学院',
    '2016',
    '网络工程',
    1602,
    '13807864913',
    0,
    '2020-03-31 16:12:37'
  ),(
    '3168906204',
    '阮英华',
    '南通大学杏林学院',
    '2016',
    '网络工程',
    1602,
    '13800686182',
    0,
    '2020-03-31 16:12:37'
  ),(
    '3168906205',
    '项荷丹',
    '南通大学杏林学院',
    '2016',
    '网络工程',
    1602,
    '13203685022',
    1,
    '2020-03-31 16:12:37'
  ),(
    '3168906206',
    '彭雅',
    '南通大学杏林学院',
    '2016',
    '网络工程',
    1602,
    '13706492898',
    0,
    '2020-03-31 16:12:37'
  ),(
    '3168906207',
    '卫富顺',
    '南通大学杏林学院',
    '2016',
    '网络工程',
    1602,
    '13706706832',
    0,
    '2020-03-31 16:12:37'
  ),(
    '3168906208',
    '戚荣',
    '南通大学杏林学院',
    '2016',
    '网络工程',
    1602,
    '13803707907',
    1,
    '2020-03-31 16:12:37'
  ),(
    '3168906209',
    '方利清',
    '南通大学杏林学院',
    '2016',
    '网络工程',
    1602,
    '15101430306',
    1,
    '2020-03-31 16:12:38'
  ),(
    '3168906210',
    '魏楠榕',
    '南通大学杏林学院',
    '2016',
    '网络工程',
    1602,
    '13508884787',
    1,
    '2020-03-31 16:12:38'
  ),(
    '3168906211',
    '云红',
    '南通大学杏林学院',
    '2016',
    '网络工程',
    1602,
    '15504955545',
    0,
    '2020-03-31 16:12:38'
  ),(
    '3168906212',
    '和承乐',
    '南通大学杏林学院',
    '2016',
    '网络工程',
    1602,
    '13000551455',
    0,
    '2020-03-31 16:12:38'
  ),(
    '3168906213',
    '茅清',
    '南通大学杏林学院',
    '2016',
    '网络工程',
    1602,
    '15202607807',
    0,
    '2020-03-31 16:12:38'
  ),(
    '3168906214',
    '臧振壮',
    '南通大学杏林学院',
    '2016',
    '网络工程',
    1602,
    '15300510538',
    0,
    '2020-03-31 16:12:38'
  ),(
    '3168906215',
    '戴之',
    '南通大学杏林学院',
    '2016',
    '网络工程',
    1602,
    '15007732058',
    0,
    '2020-03-31 16:12:38'
  ),(
    '3168906216',
    '倪利清',
    '南通大学杏林学院',
    '2016',
    '网络工程',
    1602,
    '13507747383',
    1,
    '2020-03-31 16:12:38'
  ),(
    '3168906217',
    '宋伟刚',
    '南通大学杏林学院',
    '2016',
    '网络工程',
    1602,
    '15304768019',
    0,
    '2020-03-31 16:12:39'
  ),(
    '3168906218',
    '周力',
    '南通大学杏林学院',
    '2016',
    '网络工程',
    1602,
    '13006223579',
    0,
    '2020-03-31 16:12:39'
  ),(
    '3168906219',
    '薛顺',
    '南通大学杏林学院',
    '2016',
    '网络工程',
    1602,
    '13005806631',
    1,
    '2020-03-31 16:12:39'
  ),(
    '3168906220',
    '闵纨仪',
    '南通大学杏林学院',
    '2016',
    '网络工程',
    1602,
    '15002438337',
    0,
    '2020-03-31 16:12:39'
  ),(
    '3168906221',
    '唐强军',
    '南通大学杏林学院',
    '2016',
    '网络工程',
    1602,
    '13302364592',
    1,
    '2020-03-31 16:12:39'
  ),(
    '3168906222',
    '滕芸',
    '南通大学杏林学院',
    '2016',
    '网络工程',
    1602,
    '13105385035',
    0,
    '2020-03-31 16:12:39'
  ),(
    '3168906223',
    '皮玲',
    '南通大学杏林学院',
    '2016',
    '网络工程',
    1602,
    '15802258850',
    0,
    '2020-03-31 16:12:39'
  ),(
    '3168906224',
    '方凡',
    '南通大学杏林学院',
    '2016',
    '网络工程',
    1602,
    '13004338996',
    0,
    '2020-03-31 16:12:39'
  ),(
    '3168906225',
    '孔文',
    '南通大学杏林学院',
    '2016',
    '网络工程',
    1602,
    '15508027234',
    0,
    '2020-03-31 16:12:39'
  ),(
    '3168906226',
    '魏星',
    '南通大学杏林学院',
    '2016',
    '网络工程',
    1602,
    '13700252218',
    0,
    '2020-03-31 16:12:39'
  ),(
    '3168906227',
    '顾叶',
    '南通大学杏林学院',
    '2016',
    '网络工程',
    1602,
    '15505593724',
    0,
    '2020-03-31 16:12:39'
  ),(
    '3168906228',
    '张祥',
    '南通大学杏林学院',
    '2016',
    '网络工程',
    1602,
    '15104708998',
    1,
    '2020-03-31 16:12:39'
  ),(
    '3168906229',
    '毛炎德',
    '南通大学杏林学院',
    '2016',
    '网络工程',
    1602,
    '13708411957',
    0,
    '2020-03-31 16:12:40'
  ),(
    '3168906230',
    '华滢馥',
    '南通大学杏林学院',
    '2016',
    '网络工程',
    1602,
    '13208743640',
    1,
    '2020-03-31 16:12:40'
  ),(
    '3168906231',
    '卜影荔',
    '南通大学杏林学院',
    '2016',
    '网络工程',
    1602,
    '13506015239',
    1,
    '2020-03-31 16:12:40'
  ),(
    '3168906232',
    '蒋诚先',
    '南通大学杏林学院',
    '2016',
    '网络工程',
    1602,
    '15104052840',
    0,
    '2020-03-31 16:12:40'
  ),(
    '3168906233',
    '云固之',
    '南通大学杏林学院',
    '2016',
    '网络工程',
    1602,
    '15305515022',
    1,
    '2020-03-31 16:12:40'
  ),(
    '3168906234',
    '范富顺',
    '南通大学杏林学院',
    '2016',
    '网络工程',
    1602,
    '13704227367',
    0,
    '2020-03-31 16:12:40'
  ),(
    '3168906235',
    '窦晨辰',
    '南通大学杏林学院',
    '2016',
    '网络工程',
    1602,
    '15906928376',
    1,
    '2020-03-31 16:12:40'
  ),(
    '3168906236',
    '王毅',
    '南通大学杏林学院',
    '2016',
    '网络工程',
    1602,
    '13304704727',
    0,
    '2020-03-31 16:12:40'
  ),(
    '3168906237',
    '许谦',
    '南通大学杏林学院',
    '2016',
    '网络工程',
    1602,
    '15703648020',
    0,
    '2020-03-31 16:12:40'
  ),(
    '3168906238',
    '戴钧冠',
    '南通大学杏林学院',
    '2016',
    '网络工程',
    1602,
    '13204986448',
    0,
    '2020-03-31 16:12:40'
  ),(
    '3168906239',
    '鲍全',
    '南通大学杏林学院',
    '2016',
    '网络工程',
    1602,
    '15108368467',
    1,
    '2020-03-31 16:12:40'
  ),(
    '3168906240',
    '奚中',
    '南通大学杏林学院',
    '2016',
    '网络工程',
    1602,
    '15201887621',
    0,
    '2020-03-31 16:12:40'
  ),(
    '3168906301',
    '钱飘育',
    '南通大学杏林学院',
    '2016',
    '网络工程',
    1603,
    '13603013155',
    0,
    '2020-03-31 16:13:09'
  ),(
    '3168906302',
    '禹利清',
    '南通大学杏林学院',
    '2016',
    '网络工程',
    1603,
    '15208276773',
    0,
    '2020-03-31 16:13:09'
  ),(
    '3168906303',
    '喻启',
    '南通大学杏林学院',
    '2016',
    '网络工程',
    1603,
    '13901441329',
    0,
    '2020-03-31 16:13:10'
  ),(
    '3168906304',
    '伍鹏泽',
    '南通大学杏林学院',
    '2016',
    '网络工程',
    1603,
    '13908301935',
    0,
    '2020-03-31 16:13:10'
  ),(
    '3168906305',
    '昌翰',
    '南通大学杏林学院',
    '2016',
    '网络工程',
    1603,
    '15303844427',
    0,
    '2020-03-31 16:13:10'
  ),(
    '3168906306',
    '贝翠雅',
    '南通大学杏林学院',
    '2016',
    '网络工程',
    1603,
    '13001533007',
    1,
    '2020-03-31 16:13:10'
  ),(
    '3168906307',
    '任莲',
    '南通大学杏林学院',
    '2016',
    '网络工程',
    1603,
    '15302300382',
    0,
    '2020-03-31 16:13:10'
  ),(
    '3168906308',
    '周国胜',
    '南通大学杏林学院',
    '2016',
    '网络工程',
    1603,
    '13906221994',
    0,
    '2020-03-31 16:13:10'
  ),(
    '3168906309',
    '褚元全',
    '南通大学杏林学院',
    '2016',
    '网络工程',
    1603,
    '13803131104',
    0,
    '2020-03-31 16:13:10'
  ),(
    '3168906310',
    '庞青倩',
    '南通大学杏林学院',
    '2016',
    '网络工程',
    1603,
    '13205265916',
    1,
    '2020-03-31 16:13:10'
  ),(
    '3168906311',
    '吕馨',
    '南通大学杏林学院',
    '2016',
    '网络工程',
    1603,
    '15908595911',
    1,
    '2020-03-31 16:13:10'
  ),(
    '3168906312',
    '项玲',
    '南通大学杏林学院',
    '2016',
    '网络工程',
    1603,
    '15307336154',
    1,
    '2020-03-31 16:13:10'
  ),(
    '3168906313',
    '戴钧冠',
    '南通大学杏林学院',
    '2016',
    '网络工程',
    1603,
    '15201578224',
    0,
    '2020-03-31 16:13:10'
  ),(
    '3168906314',
    '吴贞',
    '南通大学杏林学院',
    '2016',
    '网络工程',
    1603,
    '13801017391',
    0,
    '2020-03-31 16:13:11'
  ),(
    '3168906315',
    '湛可',
    '南通大学杏林学院',
    '2016',
    '网络工程',
    1603,
    '13208311701',
    0,
    '2020-03-31 16:13:11'
  ),(
    '3168906316',
    '金影荔',
    '南通大学杏林学院',
    '2016',
    '网络工程',
    1603,
    '15004322875',
    0,
    '2020-03-31 16:13:11'
  ),(
    '3168906317',
    '卞会思',
    '南通大学杏林学院',
    '2016',
    '网络工程',
    1603,
    '15708242619',
    0,
    '2020-03-31 16:13:11'
  ),(
    '3168906318',
    '常苑',
    '南通大学杏林学院',
    '2016',
    '网络工程',
    1603,
    '13506187016',
    1,
    '2020-03-31 16:13:11'
  ),(
    '3168906319',
    '明壮',
    '南通大学杏林学院',
    '2016',
    '网络工程',
    1603,
    '13002284152',
    0,
    '2020-03-31 16:13:11'
  ),(
    '3168906320',
    '沈伦',
    '南通大学杏林学院',
    '2016',
    '网络工程',
    1603,
    '15605204887',
    0,
    '2020-03-31 16:13:11'
  ),(
    '3168906321',
    '邬裕',
    '南通大学杏林学院',
    '2016',
    '网络工程',
    1603,
    '13404606658',
    1,
    '2020-03-31 16:13:11'
  ),(
    '3168906322',
    '戴岚苑',
    '南通大学杏林学院',
    '2016',
    '网络工程',
    1603,
    '13506546594',
    0,
    '2020-03-31 16:13:12'
  ),(
    '3168906323',
    '贺雄琛',
    '南通大学杏林学院',
    '2016',
    '网络工程',
    1603,
    '15306827071',
    0,
    '2020-03-31 16:13:12'
  ),(
    '3168906324',
    '花梦',
    '南通大学杏林学院',
    '2016',
    '网络工程',
    1603,
    '13106401397',
    0,
    '2020-03-31 16:13:12'
  ),(
    '3168906325',
    '马茂进',
    '南通大学杏林学院',
    '2016',
    '网络工程',
    1603,
    '13703008338',
    0,
    '2020-03-31 16:13:12'
  ),(
    '3168906326',
    '赵德',
    '南通大学杏林学院',
    '2016',
    '网络工程',
    1603,
    '13503582561',
    0,
    '2020-03-31 16:13:12'
  ),(
    '3168906327',
    '俞苑',
    '南通大学杏林学院',
    '2016',
    '网络工程',
    1603,
    '15803167526',
    1,
    '2020-03-31 16:13:12'
  ),(
    '3168906328',
    '薛才发',
    '南通大学杏林学院',
    '2016',
    '网络工程',
    1603,
    '15106192996',
    0,
    '2020-03-31 16:13:12'
  ),(
    '3168906329',
    '祁山仁',
    '南通大学杏林学院',
    '2016',
    '网络工程',
    1603,
    '15801962944',
    0,
    '2020-03-31 16:13:12'
  ),(
    '3168906330',
    '秦环',
    '南通大学杏林学院',
    '2016',
    '网络工程',
    1603,
    '13801707235',
    1,
    '2020-03-31 16:13:12'
  ),(
    '3168906331',
    '韩松善',
    '南通大学杏林学院',
    '2016',
    '网络工程',
    1603,
    '13700817774',
    0,
    '2020-03-31 16:13:12'
  ),(
    '3168906332',
    '梁毅',
    '南通大学杏林学院',
    '2016',
    '网络工程',
    1603,
    '15900222062',
    1,
    '2020-03-31 16:13:12'
  ),(
    '3168906333',
    '戚彩',
    '南通大学杏林学院',
    '2016',
    '网络工程',
    1603,
    '15907076929',
    1,
    '2020-03-31 16:13:13'
  ),(
    '3168906334',
    '狄轮翰',
    '南通大学杏林学院',
    '2016',
    '网络工程',
    1603,
    '15902474750',
    1,
    '2020-03-31 16:13:13'
  ),(
    '3168906335',
    '张文',
    '南通大学杏林学院',
    '2016',
    '网络工程',
    1603,
    '15103088877',
    0,
    '2020-03-31 16:13:13'
  ),(
    '3168906336',
    '阮辰',
    '南通大学杏林学院',
    '2016',
    '网络工程',
    1603,
    '13000741348',
    0,
    '2020-03-31 16:13:13'
  ),(
    '3168906337',
    '戴启',
    '南通大学杏林学院',
    '2016',
    '网络工程',
    1603,
    '15004066163',
    1,
    '2020-03-31 16:13:13'
  ),(
    '3168906338',
    '纪功',
    '南通大学杏林学院',
    '2016',
    '网络工程',
    1603,
    '15304254571',
    0,
    '2020-03-31 16:13:13'
  ),(
    '3168906339',
    '柏震',
    '南通大学杏林学院',
    '2016',
    '网络工程',
    1603,
    '13802224790',
    0,
    '2020-03-31 16:13:13'
  ),(
    '3168906340',
    '朱茂进',
    '南通大学杏林学院',
    '2016',
    '网络工程',
    1603,
    '13507831784',
    1,
    '2020-03-31 16:13:13'
  ),(
    '3168907101',
    '宋岩中',
    '南通大学杏林学院',
    '2016',
    '工程造价',
    1601,
    '15108116728',
    0,
    '2020-03-31 16:14:46'
  ),(
    '3168907102',
    '舒雁蓓',
    '南通大学杏林学院',
    '2016',
    '工程造价',
    1601,
    '13200681455',
    0,
    '2020-03-31 16:14:46'
  ),(
    '3168907103',
    '赵承乐',
    '南通大学杏林学院',
    '2016',
    '工程造价',
    1601,
    '13404124307',
    0,
    '2020-03-31 16:14:46'
  ),(
    '3168907104',
    '卫军',
    '南通大学杏林学院',
    '2016',
    '工程造价',
    1601,
    '13705644996',
    1,
    '2020-03-31 16:14:46'
  ),(
    '3168907105',
    '汤锦黛',
    '南通大学杏林学院',
    '2016',
    '工程造价',
    1601,
    '13505578250',
    1,
    '2020-03-31 16:14:46'
  ),(
    '3168907106',
    '倪裕',
    '南通大学杏林学院',
    '2016',
    '工程造价',
    1601,
    '13201591571',
    0,
    '2020-03-31 16:14:46'
  ),(
    '3168907107',
    '严霭',
    '南通大学杏林学院',
    '2016',
    '工程造价',
    1601,
    '15005848731',
    0,
    '2020-03-31 16:14:46'
  ),(
    '3168907108',
    '韩士以',
    '南通大学杏林学院',
    '2016',
    '工程造价',
    1601,
    '15106058466',
    0,
    '2020-03-31 16:14:47'
  ),(
    '3168907109',
    '姚之',
    '南通大学杏林学院',
    '2016',
    '工程造价',
    1601,
    '13602011127',
    1,
    '2020-03-31 16:14:47'
  ),(
    '3168907110',
    '方思',
    '南通大学杏林学院',
    '2016',
    '工程造价',
    1601,
    '13600614939',
    0,
    '2020-03-31 16:14:47'
  ),(
    '3168907111',
    '纪洁梅',
    '南通大学杏林学院',
    '2016',
    '工程造价',
    1601,
    '13308227892',
    1,
    '2020-03-31 16:14:47'
  ),(
    '3168907112',
    '元勤',
    '南通大学杏林学院',
    '2016',
    '工程造价',
    1601,
    '13104211910',
    0,
    '2020-03-31 16:14:47'
  ),(
    '3168907113',
    '卞时',
    '南通大学杏林学院',
    '2016',
    '工程造价',
    1601,
    '15100535297',
    0,
    '2020-03-31 16:14:47'
  ),(
    '3168907114',
    '平心邦',
    '南通大学杏林学院',
    '2016',
    '工程造价',
    1601,
    '15702721844',
    0,
    '2020-03-31 16:14:47'
  ),(
    '3168907115',
    '郝俊峰',
    '南通大学杏林学院',
    '2016',
    '工程造价',
    1601,
    '13800035977',
    1,
    '2020-03-31 16:14:47'
  ),(
    '3168907116',
    '皮淑',
    '南通大学杏林学院',
    '2016',
    '工程造价',
    1601,
    '15003018519',
    1,
    '2020-03-31 16:14:47'
  ),(
    '3168907117',
    '褚哲',
    '南通大学杏林学院',
    '2016',
    '工程造价',
    1601,
    '15003394474',
    1,
    '2020-03-31 16:14:47'
  ),(
    '3168907118',
    '张健世',
    '南通大学杏林学院',
    '2016',
    '工程造价',
    1601,
    '15103750458',
    0,
    '2020-03-31 16:14:47'
  ),(
    '3168907119',
    '雷倩',
    '南通大学杏林学院',
    '2016',
    '工程造价',
    1601,
    '13802892218',
    1,
    '2020-03-31 16:14:47'
  ),(
    '3168907120',
    '沈坚和',
    '南通大学杏林学院',
    '2016',
    '工程造价',
    1601,
    '13801832013',
    0,
    '2020-03-31 16:14:48'
  ),(
    '3168907121',
    '姚言',
    '南通大学杏林学院',
    '2016',
    '工程造价',
    1601,
    '15500196960',
    1,
    '2020-03-31 16:14:48'
  ),(
    '3168907122',
    '云以',
    '南通大学杏林学院',
    '2016',
    '工程造价',
    1601,
    '15105657610',
    0,
    '2020-03-31 16:14:48'
  ),(
    '3168907123',
    '华强军',
    '南通大学杏林学院',
    '2016',
    '工程造价',
    1601,
    '15206175428',
    0,
    '2020-03-31 16:14:48'
  ),(
    '3168907124',
    '吕彬',
    '南通大学杏林学院',
    '2016',
    '工程造价',
    1601,
    '13406662810',
    0,
    '2020-03-31 16:14:48'
  ),(
    '3168907125',
    '贺晶妍',
    '南通大学杏林学院',
    '2016',
    '工程造价',
    1601,
    '13000180040',
    0,
    '2020-03-31 16:14:48'
  ),(
    '3168907126',
    '卞茂进',
    '南通大学杏林学院',
    '2016',
    '工程造价',
    1601,
    '13604495928',
    1,
    '2020-03-31 16:14:48'
  ),(
    '3168907127',
    '舒克伦',
    '南通大学杏林学院',
    '2016',
    '工程造价',
    1601,
    '13707857927',
    0,
    '2020-03-31 16:14:48'
  ),(
    '3168907128',
    '阮卿',
    '南通大学杏林学院',
    '2016',
    '工程造价',
    1601,
    '15201670043',
    0,
    '2020-03-31 16:14:48'
  ),(
    '3168907129',
    '阮辉力',
    '南通大学杏林学院',
    '2016',
    '工程造价',
    1601,
    '15901637482',
    1,
    '2020-03-31 16:14:48'
  ),(
    '3168907130',
    '苏裕',
    '南通大学杏林学院',
    '2016',
    '工程造价',
    1601,
    '13900170960',
    0,
    '2020-03-31 16:14:48'
  ),(
    '3168907201',
    '殷茜秋',
    '南通大学杏林学院',
    '2016',
    '工程造价',
    1602,
    '15505470052',
    0,
    '2020-03-31 16:18:06'
  ),(
    '3168907202',
    '罗飘育',
    '南通大学杏林学院',
    '2016',
    '工程造价',
    1602,
    '13400092727',
    0,
    '2020-03-31 16:18:07'
  ),(
    '3168907203',
    '沈梅',
    '南通大学杏林学院',
    '2016',
    '工程造价',
    1602,
    '13306322232',
    0,
    '2020-03-31 16:18:07'
  ),(
    '3168907204',
    '廉友裕',
    '南通大学杏林学院',
    '2016',
    '工程造价',
    1602,
    '13600362811',
    1,
    '2020-03-31 16:18:07'
  ),(
    '3168907205',
    '葛亮',
    '南通大学杏林学院',
    '2016',
    '工程造价',
    1602,
    '13607398376',
    0,
    '2020-03-31 16:18:07'
  ),(
    '3168907206',
    '尹有',
    '南通大学杏林学院',
    '2016',
    '工程造价',
    1602,
    '15305282849',
    0,
    '2020-03-31 16:18:07'
  ),(
    '3168907207',
    '俞凤',
    '南通大学杏林学院',
    '2016',
    '工程造价',
    1602,
    '13401005604',
    1,
    '2020-03-31 16:18:07'
  ),(
    '3168907208',
    '方栋',
    '南通大学杏林学院',
    '2016',
    '工程造价',
    1602,
    '13202328164',
    1,
    '2020-03-31 16:18:07'
  ),(
    '3168907209',
    '郝厚庆',
    '南通大学杏林学院',
    '2016',
    '工程造价',
    1602,
    '13700452892',
    0,
    '2020-03-31 16:18:07'
  ),(
    '3168907210',
    '严敬震',
    '南通大学杏林学院',
    '2016',
    '工程造价',
    1602,
    '15604727823',
    1,
    '2020-03-31 16:18:07'
  ),(
    '3168907211',
    '陶健世',
    '南通大学杏林学院',
    '2016',
    '工程造价',
    1602,
    '13003584437',
    0,
    '2020-03-31 16:18:08'
  ),(
    '3168907212',
    '雷安',
    '南通大学杏林学院',
    '2016',
    '工程造价',
    1602,
    '13905287674',
    0,
    '2020-03-31 16:18:08'
  ),(
    '3168907213',
    '曹克伦',
    '南通大学杏林学院',
    '2016',
    '工程造价',
    1602,
    '13505481091',
    0,
    '2020-03-31 16:18:08'
  ),(
    '3168907214',
    '史毅',
    '南通大学杏林学院',
    '2016',
    '工程造价',
    1602,
    '13004590872',
    1,
    '2020-03-31 16:18:08'
  ),(
    '3168907215',
    '梁磊民',
    '南通大学杏林学院',
    '2016',
    '工程造价',
    1602,
    '13002041064',
    0,
    '2020-03-31 16:18:08'
  ),(
    '3168907216',
    '明元全',
    '南通大学杏林学院',
    '2016',
    '工程造价',
    1602,
    '15303852449',
    1,
    '2020-03-31 16:18:08'
  ),(
    '3168907217',
    '孟茂进',
    '南通大学杏林学院',
    '2016',
    '工程造价',
    1602,
    '13304210187',
    0,
    '2020-03-31 16:18:08'
  ),(
    '3168907218',
    '湛婉娴',
    '南通大学杏林学院',
    '2016',
    '工程造价',
    1602,
    '13100121018',
    0,
    '2020-03-31 16:18:08'
  ),(
    '3168907219',
    '孔妹',
    '南通大学杏林学院',
    '2016',
    '工程造价',
    1602,
    '15208575211',
    1,
    '2020-03-31 16:18:08'
  ),(
    '3168907220',
    '皮涛',
    '南通大学杏林学院',
    '2016',
    '工程造价',
    1602,
    '13404370683',
    0,
    '2020-03-31 16:18:08'
  ),(
    '3168907221',
    '孟萍红',
    '南通大学杏林学院',
    '2016',
    '工程造价',
    1602,
    '13800576628',
    0,
    '2020-03-31 16:18:08'
  ),(
    '3168907222',
    '戚亨奇',
    '南通大学杏林学院',
    '2016',
    '工程造价',
    1602,
    '15301082128',
    0,
    '2020-03-31 16:18:08'
  ),(
    '3168907223',
    '姚洁梅',
    '南通大学杏林学院',
    '2016',
    '工程造价',
    1602,
    '13901175551',
    1,
    '2020-03-31 16:18:08'
  ),(
    '3168907224',
    '鲍云莲',
    '南通大学杏林学院',
    '2016',
    '工程造价',
    1602,
    '13807734835',
    0,
    '2020-03-31 16:18:08'
  ),(
    '3168907225',
    '穆贵福',
    '南通大学杏林学院',
    '2016',
    '工程造价',
    1602,
    '15504494364',
    0,
    '2020-03-31 16:18:09'
  ),(
    '3168907226',
    '俞炎德',
    '南通大学杏林学院',
    '2016',
    '工程造价',
    1602,
    '15706221579',
    0,
    '2020-03-31 16:18:09'
  ),(
    '3168907227',
    '严强军',
    '南通大学杏林学院',
    '2016',
    '工程造价',
    1602,
    '13005341016',
    0,
    '2020-03-31 16:18:09'
  ),(
    '3168907228',
    '喻厚庆',
    '南通大学杏林学院',
    '2016',
    '工程造价',
    1602,
    '15005760370',
    0,
    '2020-03-31 16:18:09'
  ),(
    '3168907229',
    '祁天',
    '南通大学杏林学院',
    '2016',
    '工程造价',
    1602,
    '15800958873',
    0,
    '2020-03-31 16:18:09'
  ),(
    '3168907230',
    '薛胜',
    '南通大学杏林学院',
    '2016',
    '工程造价',
    1602,
    '13803442201',
    0,
    '2020-03-31 16:18:09'
  ),(
    '3168908101',
    '秦辰',
    '南通大学杏林学院',
    '2016',
    '会计学',
    1601,
    '13408726118',
    0,
    '2020-03-31 16:18:53'
  ),(
    '3168908102',
    '苏寒',
    '南通大学杏林学院',
    '2016',
    '会计学',
    1601,
    '13006626404',
    0,
    '2020-03-31 16:18:53'
  ),(
    '3168908103',
    '平红',
    '南通大学杏林学院',
    '2016',
    '会计学',
    1601,
    '15004750137',
    0,
    '2020-03-31 16:18:53'
  ),(
    '3168908104',
    '平柔',
    '南通大学杏林学院',
    '2016',
    '会计学',
    1601,
    '15004742284',
    0,
    '2020-03-31 16:18:53'
  ),(
    '3168908105',
    '彭群豪',
    '南通大学杏林学院',
    '2016',
    '会计学',
    1601,
    '13007873005',
    0,
    '2020-03-31 16:18:53'
  ),(
    '3168908106',
    '赵思',
    '南通大学杏林学院',
    '2016',
    '会计学',
    1601,
    '15500010856',
    0,
    '2020-03-31 16:18:53'
  ),(
    '3168908107',
    '郑亚',
    '南通大学杏林学院',
    '2016',
    '会计学',
    1601,
    '13805853659',
    1,
    '2020-03-31 16:18:53'
  ),(
    '3168908108',
    '章强军',
    '南通大学杏林学院',
    '2016',
    '会计学',
    1601,
    '15802978597',
    1,
    '2020-03-31 16:18:53'
  ),(
    '3168908109',
    '苗梅',
    '南通大学杏林学院',
    '2016',
    '会计学',
    1601,
    '13100052708',
    0,
    '2020-03-31 16:18:53'
  ),(
    '3168908110',
    '卜若鸣',
    '南通大学杏林学院',
    '2016',
    '会计学',
    1601,
    '13504425523',
    0,
    '2020-03-31 16:18:53'
  ),(
    '3168908111',
    '鲍融',
    '南通大学杏林学院',
    '2016',
    '会计学',
    1601,
    '13506468489',
    0,
    '2020-03-31 16:18:53'
  ),(
    '3168908112',
    '何兰凤',
    '南通大学杏林学院',
    '2016',
    '会计学',
    1601,
    '15007185597',
    1,
    '2020-03-31 16:18:53'
  ),(
    '3168908113',
    '成裕',
    '南通大学杏林学院',
    '2016',
    '会计学',
    1601,
    '15002478671',
    0,
    '2020-03-31 16:18:54'
  ),(
    '3168908114',
    '于君琴',
    '南通大学杏林学院',
    '2016',
    '会计学',
    1601,
    '13500071397',
    0,
    '2020-03-31 16:18:54'
  ),(
    '3168908115',
    '宋翔旭',
    '南通大学杏林学院',
    '2016',
    '会计学',
    1601,
    '13100384604',
    0,
    '2020-03-31 16:18:54'
  ),(
    '3168908116',
    '姚娜',
    '南通大学杏林学院',
    '2016',
    '会计学',
    1601,
    '15704244011',
    0,
    '2020-03-31 16:18:54'
  ),(
    '3168908117',
    '祁晶妍',
    '南通大学杏林学院',
    '2016',
    '会计学',
    1601,
    '15506718014',
    0,
    '2020-03-31 16:18:54'
  ),(
    '3168908118',
    '吴娟',
    '南通大学杏林学院',
    '2016',
    '会计学',
    1601,
    '13307725743',
    0,
    '2020-03-31 16:18:54'
  ),(
    '3168908119',
    '任士以',
    '南通大学杏林学院',
    '2016',
    '会计学',
    1601,
    '15000075200',
    1,
    '2020-03-31 16:18:54'
  ),(
    '3168908120',
    '席真环',
    '南通大学杏林学院',
    '2016',
    '会计学',
    1601,
    '15900467952',
    0,
    '2020-03-31 16:18:54'
  ),(
    '3168908121',
    '湛瑶',
    '南通大学杏林学院',
    '2016',
    '会计学',
    1601,
    '13201541499',
    0,
    '2020-03-31 16:18:54'
  ),(
    '3168908122',
    '彭胜',
    '南通大学杏林学院',
    '2016',
    '会计学',
    1601,
    '13907484315',
    0,
    '2020-03-31 16:18:54'
  ),(
    '3168908123',
    '彭博',
    '南通大学杏林学院',
    '2016',
    '会计学',
    1601,
    '15300914321',
    0,
    '2020-03-31 16:18:55'
  ),(
    '3168908124',
    '滕心邦',
    '南通大学杏林学院',
    '2016',
    '会计学',
    1601,
    '13204761141',
    0,
    '2020-03-31 16:18:55'
  ),(
    '3168908125',
    '毛仪',
    '南通大学杏林学院',
    '2016',
    '会计学',
    1601,
    '15502465623',
    0,
    '2020-03-31 16:18:55'
  ),(
    '3168908126',
    '喻生龙',
    '南通大学杏林学院',
    '2016',
    '会计学',
    1601,
    '15706998422',
    0,
    '2020-03-31 16:18:55'
  ),(
    '3168908127',
    '汪健世',
    '南通大学杏林学院',
    '2016',
    '会计学',
    1601,
    '15300281736',
    1,
    '2020-03-31 16:18:55'
  ),(
    '3168908128',
    '酆康星',
    '南通大学杏林学院',
    '2016',
    '会计学',
    1601,
    '13907493203',
    0,
    '2020-03-31 16:18:55'
  ),(
    '3168908129',
    '范福',
    '南通大学杏林学院',
    '2016',
    '会计学',
    1601,
    '13006963789',
    0,
    '2020-03-31 16:18:55'
  ),(
    '3168908130',
    '毕娟',
    '南通大学杏林学院',
    '2016',
    '会计学',
    1601,
    '13805495016',
    0,
    '2020-03-31 16:18:55'
  ),(
    '3168909101',
    '郑云莲',
    '南通大学杏林学院',
    '2016',
    '环境工程',
    1601,
    '13508131199',
    0,
    '2020-03-31 16:19:26'
  ),(
    '3168909102',
    '和壮',
    '南通大学杏林学院',
    '2016',
    '环境工程',
    1601,
    '13201104008',
    1,
    '2020-03-31 16:19:26'
  ),(
    '3168909103',
    '陈娜',
    '南通大学杏林学院',
    '2016',
    '环境工程',
    1601,
    '15003709063',
    1,
    '2020-03-31 16:19:26'
  ),(
    '3168909104',
    '元德',
    '南通大学杏林学院',
    '2016',
    '环境工程',
    1601,
    '13502894821',
    0,
    '2020-03-31 16:19:26'
  ),(
    '3168909105',
    '齐江超',
    '南通大学杏林学院',
    '2016',
    '环境工程',
    1601,
    '15301850413',
    0,
    '2020-03-31 16:19:26'
  ),(
    '3168909106',
    '纪艳',
    '南通大学杏林学院',
    '2016',
    '环境工程',
    1601,
    '15007214278',
    1,
    '2020-03-31 16:19:26'
  ),(
    '3168909107',
    '毕楠榕',
    '南通大学杏林学院',
    '2016',
    '环境工程',
    1601,
    '15508767430',
    0,
    '2020-03-31 16:19:26'
  ),(
    '3168909108',
    '毛蓉眉',
    '南通大学杏林学院',
    '2016',
    '环境工程',
    1601,
    '15108688029',
    0,
    '2020-03-31 16:19:26'
  ),(
    '3168909109',
    '郎时',
    '南通大学杏林学院',
    '2016',
    '环境工程',
    1601,
    '13007282958',
    0,
    '2020-03-31 16:19:26'
  ),(
    '3168909110',
    '顾庆',
    '南通大学杏林学院',
    '2016',
    '环境工程',
    1601,
    '15805940129',
    1,
    '2020-03-31 16:19:27'
  ),(
    '3168909111',
    '毛奇',
    '南通大学杏林学院',
    '2016',
    '环境工程',
    1601,
    '15703356148',
    1,
    '2020-03-31 16:19:27'
  ),(
    '3168909112',
    '庞言',
    '南通大学杏林学院',
    '2016',
    '环境工程',
    1601,
    '13306870002',
    1,
    '2020-03-31 16:19:27'
  ),(
    '3168909113',
    '罗策腾',
    '南通大学杏林学院',
    '2016',
    '环境工程',
    1601,
    '13207970791',
    0,
    '2020-03-31 16:19:27'
  ),(
    '3168909114',
    '秦榕',
    '南通大学杏林学院',
    '2016',
    '环境工程',
    1601,
    '15706105132',
    0,
    '2020-03-31 16:19:27'
  ),(
    '3168909115',
    '孟民',
    '南通大学杏林学院',
    '2016',
    '环境工程',
    1601,
    '13804661628',
    0,
    '2020-03-31 16:19:27'
  ),(
    '3168909116',
    '云建家',
    '南通大学杏林学院',
    '2016',
    '环境工程',
    1601,
    '13005174820',
    0,
    '2020-03-31 16:19:27'
  ),(
    '3168909117',
    '姜军',
    '南通大学杏林学院',
    '2016',
    '环境工程',
    1601,
    '15704477681',
    0,
    '2020-03-31 16:19:27'
  ),(
    '3168909118',
    '齐浩亮',
    '南通大学杏林学院',
    '2016',
    '环境工程',
    1601,
    '13008228882',
    0,
    '2020-03-31 16:19:27'
  ),(
    '3168909119',
    '董健世',
    '南通大学杏林学院',
    '2016',
    '环境工程',
    1601,
    '15600796565',
    1,
    '2020-03-31 16:19:27'
  ),(
    '3168909120',
    '云鹏泽',
    '南通大学杏林学院',
    '2016',
    '环境工程',
    1601,
    '15701030384',
    0,
    '2020-03-31 16:19:27'
  ),(
    '3168909121',
    '梁鸣',
    '南通大学杏林学院',
    '2016',
    '环境工程',
    1601,
    '13007401889',
    0,
    '2020-03-31 16:19:28'
  ),(
    '3168909122',
    '伍固之',
    '南通大学杏林学院',
    '2016',
    '环境工程',
    1601,
    '15004802706',
    1,
    '2020-03-31 16:19:28'
  ),(
    '3168909123',
    '戴翰',
    '南通大学杏林学院',
    '2016',
    '环境工程',
    1601,
    '15601550653',
    0,
    '2020-03-31 16:19:28'
  ),(
    '3168909124',
    '孙松善',
    '南通大学杏林学院',
    '2016',
    '环境工程',
    1601,
    '13306801848',
    0,
    '2020-03-31 16:19:28'
  ),(
    '3168909125',
    '戚祥',
    '南通大学杏林学院',
    '2016',
    '环境工程',
    1601,
    '15100350867',
    1,
    '2020-03-31 16:19:28'
  ),(
    '3168909126',
    '余顺',
    '南通大学杏林学院',
    '2016',
    '环境工程',
    1601,
    '15607924859',
    0,
    '2020-03-31 16:19:28'
  ),(
    '3168909127',
    '华琰',
    '南通大学杏林学院',
    '2016',
    '环境工程',
    1601,
    '15003226614',
    0,
    '2020-03-31 16:19:28'
  ),(
    '3168909128',
    '钱若鸣',
    '南通大学杏林学院',
    '2016',
    '环境工程',
    1601,
    '15504366173',
    0,
    '2020-03-31 16:19:29'
  ),(
    '3168909129',
    '常宁欣',
    '南通大学杏林学院',
    '2016',
    '环境工程',
    1601,
    '15801144873',
    0,
    '2020-03-31 16:19:29'
  ),(
    '3168909130',
    '成炎德',
    '南通大学杏林学院',
    '2016',
    '环境工程',
    1601,
    '13206864689',
    0,
    '2020-03-31 16:19:29'
  );
INSERT INTO
  teach(
    id,
    teacher_id,
    name,
    profession,
    grade,
    term,
    course_id
  )
VALUES(
    1,
    '3890290',
    '数字电路基础',
    '电子信息工程',
    '1601',
    1,
    '2016011001'
  ),(
    2,
    '3890290',
    '物联网工程导论',
    '物联网',
    '1601',
    1,
    '2016021001'
  ),(
    3,
    '3890290',
    '计算机网络技术',
    '计算机',
    '1601',
    1,
    '2016031001'
  ),(
    4,
    '3890290',
    '高频电子线路',
    '通信工程',
    '1601',
    1,
    '2016041001'
  ),(
    7,
    '3890281',
    '大学物理',
    '电子信息工程',
    '1601',
    1,
    '2016011002'
  ),(8, '3890281', '物联网安全', '物联网', '1601', 1, '2016021002'),(9, '3890281', '网络与通信', '计算机', '1601', 1, '2016031002'),(10, '3890281', '光纤通讯', '通信工程', '1601', 1, '2016041002'),(
    11,
    '3890270',
    '线性代数',
    '电子信息工程',
    '1601',
    1,
    '2016011003'
  ),(
    12,
    '3890270',
    '现代通信技术',
    '物联网',
    '1601',
    1,
    '2016021003'
  ),(13, '3890270', '计算机安全', '计算机', '1601', 1, '2016031003'),(14, '3890270', '移动通讯', '通信工程', '1601', 1, '2016041003'),(
    15,
    '3890261',
    '复变函数',
    '电子信息工程',
    '1601',
    1,
    '2016011004'
  ),(
    16,
    '3890261',
    '现代传感器技术',
    '物联网',
    '1601',
    1,
    '2016021005'
  ),(
    17,
    '3890261',
    '算法与数据结构',
    '计算机',
    '1601',
    1,
    '2016031004'
  ),(18, '3890261', '电路分析', '通信工程', '1601', 1, '2016041004'),(
    19,
    '3890251',
    '模拟电子线路',
    '电子信息工程',
    '1601',
    1,
    '2016011005'
  ),(
    20,
    '3890251',
    '信号与系统概论',
    '物联网',
    '1601',
    1,
    '2016021006'
  ),(
    21,
    '3890251',
    '多媒体信息处理',
    '计算机',
    '1601',
    1,
    '2016031005'
  ),(
    22,
    '3890251',
    '程控交换技术',
    '通信工程',
    '1601',
    1,
    '2016041005'
  ),(
    23,
    '3890240',
    '信号与系统',
    '电子信息工程',
    '1601',
    1,
    '2016011006'
  ),(
    24,
    '3890240',
    '无线传感器网络',
    '物联网',
    '1601',
    1,
    '2016021004'
  ),(
    25,
    '3890240',
    '计算机组成原理',
    '计算机',
    '1601',
    1,
    '2016031006'
  ),(26, '3890240', '光纤通讯', '通信工程', '1601', 1, '2016041006');
INSERT INTO
  teacher(id, real_name, school, phone, sex, create_time)
VALUES(
    '3890001',
    '冯静淑',
    '南通大学杏林学院',
    '15501905622',
    1,
    '2020-03-31 17:10:07'
  ),(
    '3890011',
    '沈芝玉',
    '南通大学杏林学院',
    '13306387834',
    1,
    '2020-03-31 17:10:07'
  ),(
    '3890021',
    '花启',
    '南通大学杏林学院',
    '13507731614',
    1,
    '2020-03-31 17:10:07'
  ),(
    '3890030',
    '余之',
    '南通大学杏林学院',
    '15300308560',
    0,
    '2020-03-31 17:10:07'
  ),(
    '3890040',
    '尤爱妹',
    '南通大学杏林学院',
    '13004971520',
    0,
    '2020-03-31 17:10:07'
  ),(
    '3890050',
    '韩欢霄',
    '南通大学杏林学院',
    '15203875368',
    0,
    '2020-03-31 17:10:07'
  ),(
    '3890060',
    '卞林有',
    '南通大学杏林学院',
    '15806324835',
    0,
    '2020-03-31 17:10:07'
  ),(
    '3890070',
    '时松善',
    '南通大学杏林学院',
    '15007264285',
    0,
    '2020-03-31 17:10:07'
  ),(
    '3890080',
    '雷谦',
    '南通大学杏林学院',
    '15803877153',
    0,
    '2020-03-31 17:10:07'
  ),(
    '3890090',
    '岑志',
    '南通大学杏林学院',
    '15305324810',
    0,
    '2020-03-31 17:10:07'
  ),(
    '3890100',
    '闵世',
    '南通大学杏林学院',
    '13801569100',
    0,
    '2020-03-31 17:10:07'
  ),(
    '3890111',
    '倪峰',
    '南通大学杏林学院',
    '13201196252',
    1,
    '2020-03-31 17:10:08'
  ),(
    '3890121',
    '乐博',
    '南通大学杏林学院',
    '15707822243',
    1,
    '2020-03-31 17:10:08'
  ),(
    '3890130',
    '张河哲',
    '南通大学杏林学院',
    '13903362620',
    0,
    '2020-03-31 17:10:08'
  ),(
    '3890140',
    '水达安',
    '南通大学杏林学院',
    '13803977654',
    0,
    '2020-03-31 17:10:08'
  ),(
    '3890150',
    '余进',
    '南通大学杏林学院',
    '15200484007',
    0,
    '2020-03-31 17:10:08'
  ),(
    '3890160',
    '水昌成',
    '南通大学杏林学院',
    '13301415159',
    0,
    '2020-03-31 17:10:08'
  ),(
    '3890170',
    '邬爽',
    '南通大学杏林学院',
    '15706327447',
    0,
    '2020-03-31 17:10:08'
  ),(
    '3890180',
    '穆思',
    '南通大学杏林学院',
    '13203831721',
    0,
    '2020-03-31 17:10:08'
  ),(
    '3890191',
    '张榕',
    '南通大学杏林学院',
    '13701634820',
    1,
    '2020-03-31 17:10:08'
  ),(
    '3890201',
    '喻清',
    '南通大学杏林学院',
    '15200438039',
    1,
    '2020-03-31 17:10:08'
  ),(
    '3890211',
    '薛保',
    '南通大学杏林学院',
    '13000134418',
    1,
    '2020-03-31 17:10:08'
  ),(
    '3890221',
    '薛胜',
    '南通大学杏林学院',
    '13305326764',
    1,
    '2020-03-31 17:10:08'
  ),(
    '3890230',
    '陈学祥',
    '南通大学杏林学院',
    '13504492052',
    0,
    '2020-03-31 17:10:08'
  ),(
    '3890240',
    '湛文',
    '南通大学杏林学院',
    '15805962625',
    0,
    '2020-03-31 17:10:09'
  ),(
    '3890251',
    '金先',
    '南通大学杏林学院',
    '13908853584',
    1,
    '2020-03-31 17:10:09'
  ),(
    '3890261',
    '魏达安',
    '南通大学杏林学院',
    '15906847962',
    1,
    '2020-03-31 17:10:09'
  ),(
    '3890270',
    '杨敬震',
    '南通大学杏林学院',
    '15600310242',
    0,
    '2020-03-31 17:10:09'
  ),(
    '3890281',
    '殷义兴',
    '南通大学杏林学院',
    '15006590956',
    1,
    '2020-03-31 17:10:09'
  ),(
    '3890290',
    '马文',
    '南通大学杏林学院',
    '15700204445',
    0,
    '2020-03-31 17:10:09'
  );
INSERT INTO
  user(id, name, password, email, type, user, file, disable)
VALUES(
    1,
    'admin',
    'e10adc3949ba59abbe56e057f20f883e',
    'Mike-hd123@qq.com',
    0,
    '100001',
    '123.jpg',
    0
  ),(
    2,
    '3890001',
    'e10adc3949ba59abbe56e057f20f883e',
    'Mike-hd123@qq.com',
    1,
    '3890001',
    '123.jpg',
    0
  ),(
    3,
    '3890011',
    'e10adc3949ba59abbe56e057f20f883e',
    'Mike-hd123@qq.com',
    1,
    '3890011',
    '123.jpg',
    0
  ),(
    4,
    '3890021',
    'e10adc3949ba59abbe56e057f20f883e',
    'Mike-hd123@qq.com',
    1,
    '3890021',
    '123.jpg',
    0
  ),(
    5,
    '3890030',
    'e10adc3949ba59abbe56e057f20f883e',
    'Mike-hd123@qq.com',
    1,
    '3890030',
    '123.jpg',
    0
  ),(
    6,
    '3890040',
    'e10adc3949ba59abbe56e057f20f883e',
    'Mike-hd123@qq.com',
    1,
    '3890040',
    '123.jpg',
    0
  ),(
    7,
    '3890050',
    'e10adc3949ba59abbe56e057f20f883e',
    'Mike-hd123@qq.com',
    1,
    '3890050',
    '123.jpg',
    0
  ),(
    8,
    '3890060',
    'e10adc3949ba59abbe56e057f20f883e',
    'Mike-hd123@qq.com',
    1,
    '3890060',
    '123.jpg',
    0
  ),(
    9,
    '3890070',
    'e10adc3949ba59abbe56e057f20f883e',
    'Mike-hd123@qq.com',
    1,
    '3890070',
    '123.jpg',
    0
  ),(
    10,
    '3890080',
    'e10adc3949ba59abbe56e057f20f883e',
    'Mike-hd123@qq.com',
    1,
    '3890080',
    '123.jpg',
    0
  ),(
    11,
    '3890090',
    'e10adc3949ba59abbe56e057f20f883e',
    'Mike-hd123@qq.com',
    1,
    '3890090',
    '123.jpg',
    0
  ),(
    12,
    '3890100',
    'e10adc3949ba59abbe56e057f20f883e',
    'Mike-hd123@qq.com',
    1,
    '3890100',
    '123.jpg',
    0
  ),(
    13,
    '3890111',
    'e10adc3949ba59abbe56e057f20f883e',
    'Mike-hd123@qq.com',
    1,
    '3890111',
    '123.jpg',
    0
  ),(
    14,
    '3890121',
    'e10adc3949ba59abbe56e057f20f883e',
    'Mike-hd123@qq.com',
    1,
    '3890121',
    '123.jpg',
    0
  ),(
    15,
    '3890130',
    'e10adc3949ba59abbe56e057f20f883e',
    'Mike-hd123@qq.com',
    1,
    '3890130',
    '123.jpg',
    0
  ),(
    16,
    '3890140',
    'e10adc3949ba59abbe56e057f20f883e',
    'Mike-hd123@qq.com',
    1,
    '3890140',
    '123.jpg',
    0
  ),(
    17,
    '3890150',
    'e10adc3949ba59abbe56e057f20f883e',
    'Mike-hd123@qq.com',
    1,
    '3890150',
    '123.jpg',
    0
  ),(
    18,
    '3890160',
    'e10adc3949ba59abbe56e057f20f883e',
    'Mike-hd123@qq.com',
    1,
    '3890160',
    '123.jpg',
    0
  ),(
    19,
    '3890170',
    'e10adc3949ba59abbe56e057f20f883e',
    'Mike-hd123@qq.com',
    1,
    '3890170',
    '123.jpg',
    0
  ),(
    20,
    '3890180',
    'e10adc3949ba59abbe56e057f20f883e',
    'Mike-hd123@qq.com',
    1,
    '3890180',
    '123.jpg',
    0
  ),(
    21,
    '3890191',
    'e10adc3949ba59abbe56e057f20f883e',
    'Mike-hd123@qq.com',
    1,
    '3890191',
    '123.jpg',
    0
  ),(
    22,
    '3890201',
    'e10adc3949ba59abbe56e057f20f883e',
    'Mike-hd123@qq.com',
    1,
    '3890201',
    '123.jpg',
    0
  ),(
    23,
    '3890211',
    'e10adc3949ba59abbe56e057f20f883e',
    'Mike-hd123@qq.com',
    1,
    '3890211',
    '123.jpg',
    0
  ),(
    24,
    '3890221',
    'e10adc3949ba59abbe56e057f20f883e',
    'Mike-hd123@qq.com',
    1,
    '3890221',
    '123.jpg',
    0
  ),(
    25,
    '3890230',
    'e10adc3949ba59abbe56e057f20f883e',
    'Mike-hd123@qq.com',
    1,
    '3890230',
    '123.jpg',
    0
  ),(
    26,
    '3890240',
    'e10adc3949ba59abbe56e057f20f883e',
    'Mike-hd123@qq.com',
    1,
    '3890240',
    '123.jpg',
    0
  ),(
    27,
    '3890251',
    'e10adc3949ba59abbe56e057f20f883e',
    'Mike-hd123@qq.com',
    1,
    '3890251',
    '123.jpg',
    0
  ),(
    28,
    '3890261',
    'e10adc3949ba59abbe56e057f20f883e',
    'Mike-hd123@qq.com',
    1,
    '3890261',
    '123.jpg',
    0
  ),(
    29,
    '3890270',
    'e10adc3949ba59abbe56e057f20f883e',
    'Mike-hd123@qq.com',
    1,
    '3890270',
    '123.jpg',
    0
  ),(
    30,
    '3890281',
    'e10adc3949ba59abbe56e057f20f883e',
    'Mike-hd123@qq.com',
    1,
    '3890281',
    '123.jpg',
    0
  ),(
    31,
    '3890290',
    'e10adc3949ba59abbe56e057f20f883e',
    'Mike-hd123@qq.com',
    1,
    '3890290',
    '123.jpg',
    0
  ),(
    32,
    '3168901101',
    'e10adc3949ba59abbe56e057f20f883e',
    'Mike-hd123@qq.com',
    2,
    '3168901101',
    '123.jpg',
    0
  ),(
    33,
    '3168901102',
    'e10adc3949ba59abbe56e057f20f883e',
    'Mike-hd123@qq.com',
    2,
    '3168901102',
    '123.jpg',
    0
  ),(
    34,
    '3168901103',
    'e10adc3949ba59abbe56e057f20f883e',
    'Mike-hd123@qq.com',
    2,
    '3168901103',
    '123.jpg',
    0
  ),(
    35,
    '3168901104',
    'e10adc3949ba59abbe56e057f20f883e',
    'Mike-hd123@qq.com',
    2,
    '3168901104',
    '123.jpg',
    0
  ),(
    36,
    '3168901105',
    'e10adc3949ba59abbe56e057f20f883e',
    'Mike-hd123@qq.com',
    2,
    '3168901105',
    '123.jpg',
    0
  ),(
    37,
    '3168901106',
    'e10adc3949ba59abbe56e057f20f883e',
    'Mike-hd123@qq.com',
    2,
    '3168901106',
    '123.jpg',
    0
  ),(
    38,
    '3168901107',
    'e10adc3949ba59abbe56e057f20f883e',
    'Mike-hd123@qq.com',
    2,
    '3168901107',
    '123.jpg',
    0
  ),(
    39,
    '3168901108',
    'e10adc3949ba59abbe56e057f20f883e',
    'Mike-hd123@qq.com',
    2,
    '3168901108',
    '123.jpg',
    0
  ),(
    40,
    '3168901109',
    'e10adc3949ba59abbe56e057f20f883e',
    'Mike-hd123@qq.com',
    2,
    '3168901109',
    '123.jpg',
    0
  ),(
    41,
    '3168901110',
    'e10adc3949ba59abbe56e057f20f883e',
    'Mike-hd123@qq.com',
    2,
    '3168901110',
    '123.jpg',
    0
  ),(
    42,
    '3168901111',
    'e10adc3949ba59abbe56e057f20f883e',
    'Mike-hd123@qq.com',
    2,
    '3168901111',
    '123.jpg',
    0
  ),(
    43,
    '3168901112',
    'e10adc3949ba59abbe56e057f20f883e',
    'Mike-hd123@qq.com',
    2,
    '3168901112',
    '123.jpg',
    0
  ),(
    44,
    '3168901113',
    'e10adc3949ba59abbe56e057f20f883e',
    'Mike-hd123@qq.com',
    2,
    '3168901113',
    '123.jpg',
    0
  ),(
    45,
    '3168901114',
    'e10adc3949ba59abbe56e057f20f883e',
    'Mike-hd123@qq.com',
    2,
    '3168901114',
    '123.jpg',
    0
  ),(
    46,
    '3168901115',
    'e10adc3949ba59abbe56e057f20f883e',
    'Mike-hd123@qq.com',
    2,
    '3168901115',
    '123.jpg',
    0
  ),(
    47,
    '3168901116',
    'e10adc3949ba59abbe56e057f20f883e',
    'Mike-hd123@qq.com',
    2,
    '3168901116',
    '123.jpg',
    0
  ),(
    48,
    '3168901117',
    'e10adc3949ba59abbe56e057f20f883e',
    'Mike-hd123@qq.com',
    2,
    '3168901117',
    '123.jpg',
    0
  ),(
    49,
    '3168901118',
    'e10adc3949ba59abbe56e057f20f883e',
    'Mike-hd123@qq.com',
    2,
    '3168901118',
    '123.jpg',
    0
  ),(
    50,
    '3168901119',
    'e10adc3949ba59abbe56e057f20f883e',
    'Mike-hd123@qq.com',
    2,
    '3168901119',
    '123.jpg',
    0
  ),(
    51,
    '3168901120',
    'e10adc3949ba59abbe56e057f20f883e',
    'Mike-hd123@qq.com',
    2,
    '3168901120',
    '123.jpg',
    0
  ),(
    52,
    '3168901121',
    'e10adc3949ba59abbe56e057f20f883e',
    'Mike-hd123@qq.com',
    2,
    '3168901121',
    '123.jpg',
    0
  ),(
    53,
    '3168901122',
    'e10adc3949ba59abbe56e057f20f883e',
    'Mike-hd123@qq.com',
    2,
    '3168901122',
    '123.jpg',
    0
  ),(
    54,
    '3168901123',
    'e10adc3949ba59abbe56e057f20f883e',
    'Mike-hd123@qq.com',
    2,
    '3168901123',
    '123.jpg',
    0
  ),(
    55,
    '3168901124',
    'e10adc3949ba59abbe56e057f20f883e',
    'Mike-hd123@qq.com',
    2,
    '3168901124',
    '123.jpg',
    0
  ),(
    56,
    '3168901125',
    'e10adc3949ba59abbe56e057f20f883e',
    'Mike-hd123@qq.com',
    2,
    '3168901125',
    '123.jpg',
    0
  ),(
    57,
    '3168901126',
    'e10adc3949ba59abbe56e057f20f883e',
    'Mike-hd123@qq.com',
    2,
    '3168901126',
    '123.jpg',
    0
  ),(
    58,
    '3168901127',
    'e10adc3949ba59abbe56e057f20f883e',
    'Mike-hd123@qq.com',
    2,
    '3168901127',
    '123.jpg',
    0
  ),(
    59,
    '3168901128',
    'e10adc3949ba59abbe56e057f20f883e',
    'Mike-hd123@qq.com',
    2,
    '3168901128',
    '123.jpg',
    0
  ),(
    60,
    '3168901129',
    'e10adc3949ba59abbe56e057f20f883e',
    'Mike-hd123@qq.com',
    2,
    '3168901129',
    '123.jpg',
    0
  ),(
    61,
    '3168901130',
    'e10adc3949ba59abbe56e057f20f883e',
    'Mike-hd123@qq.com',
    2,
    '3168901130',
    '123.jpg',
    0
  ),(
    62,
    '3168901131',
    'e10adc3949ba59abbe56e057f20f883e',
    'Mike-hd123@qq.com',
    2,
    '3168901131',
    '123.jpg',
    0
  ),(
    63,
    '3168901132',
    'e10adc3949ba59abbe56e057f20f883e',
    'Mike-hd123@qq.com',
    2,
    '3168901132',
    '123.jpg',
    0
  ),(
    64,
    '3168901133',
    'e10adc3949ba59abbe56e057f20f883e',
    'Mike-hd123@qq.com',
    2,
    '3168901133',
    '123.jpg',
    0
  ),(
    65,
    '3168901134',
    'e10adc3949ba59abbe56e057f20f883e',
    'Mike-hd123@qq.com',
    2,
    '3168901134',
    '123.jpg',
    0
  ),(
    66,
    '3168901135',
    'e10adc3949ba59abbe56e057f20f883e',
    'Mike-hd123@qq.com',
    2,
    '3168901135',
    '123.jpg',
    0
  ),(
    67,
    '3168901136',
    'e10adc3949ba59abbe56e057f20f883e',
    'Mike-hd123@qq.com',
    2,
    '3168901136',
    '123.jpg',
    0
  ),(
    68,
    '3168901137',
    'e10adc3949ba59abbe56e057f20f883e',
    'Mike-hd123@qq.com',
    2,
    '3168901137',
    '123.jpg',
    0
  ),(
    69,
    '3168901138',
    'e10adc3949ba59abbe56e057f20f883e',
    'Mike-hd123@qq.com',
    2,
    '3168901138',
    '123.jpg',
    0
  ),(
    70,
    '3168901139',
    'e10adc3949ba59abbe56e057f20f883e',
    'Mike-hd123@qq.com',
    2,
    '3168901139',
    '123.jpg',
    0
  ),(
    71,
    '3168901140',
    'e10adc3949ba59abbe56e057f20f883e',
    'Mike-hd123@qq.com',
    2,
    '3168901140',
    '123.jpg',
    0
  ),(
    72,
    '3168901141',
    'e10adc3949ba59abbe56e057f20f883e',
    'Mike-hd123@qq.com',
    2,
    '3168901141',
    '123.jpg',
    0
  ),(
    73,
    '3168901142',
    'e10adc3949ba59abbe56e057f20f883e',
    'Mike-hd123@qq.com',
    2,
    '3168901142',
    '123.jpg',
    0
  ),(
    74,
    '3168901143',
    'e10adc3949ba59abbe56e057f20f883e',
    'Mike-hd123@qq.com',
    2,
    '3168901143',
    '123.jpg',
    0
  ),(
    75,
    '3168901144',
    'e10adc3949ba59abbe56e057f20f883e',
    'Mike-hd123@qq.com',
    2,
    '3168901144',
    '123.jpg',
    0
  ),(
    76,
    '3168901145',
    'e10adc3949ba59abbe56e057f20f883e',
    'Mike-hd123@qq.com',
    2,
    '3168901145',
    '123.jpg',
    0
  ),(
    77,
    '3168901146',
    'e10adc3949ba59abbe56e057f20f883e',
    'Mike-hd123@qq.com',
    2,
    '3168901146',
    '123.jpg',
    0
  ),(
    78,
    '3168901147',
    'e10adc3949ba59abbe56e057f20f883e',
    'Mike-hd123@qq.com',
    2,
    '3168901147',
    '123.jpg',
    0
  ),(
    79,
    '3168901148',
    'e10adc3949ba59abbe56e057f20f883e',
    'Mike-hd123@qq.com',
    2,
    '3168901148',
    '123.jpg',
    0
  ),(
    80,
    '3168901149',
    'e10adc3949ba59abbe56e057f20f883e',
    'Mike-hd123@qq.com',
    2,
    '3168901149',
    '123.jpg',
    0
  ),(
    81,
    '3168901150',
    'e10adc3949ba59abbe56e057f20f883e',
    'Mike-hd123@qq.com',
    2,
    '3168901150',
    '123.jpg',
    0
  ),(
    82,
    '3168901201',
    'e10adc3949ba59abbe56e057f20f883e',
    'Mike-hd123@qq.com',
    2,
    '3168901201',
    '123.jpg',
    0
  ),(
    83,
    '3168901202',
    'e10adc3949ba59abbe56e057f20f883e',
    'Mike-hd123@qq.com',
    2,
    '3168901202',
    '123.jpg',
    0
  ),(
    84,
    '3168901203',
    'e10adc3949ba59abbe56e057f20f883e',
    'Mike-hd123@qq.com',
    2,
    '3168901203',
    '123.jpg',
    0
  ),(
    85,
    '3168901204',
    'e10adc3949ba59abbe56e057f20f883e',
    'Mike-hd123@qq.com',
    2,
    '3168901204',
    '123.jpg',
    0
  ),(
    86,
    '3168901205',
    'e10adc3949ba59abbe56e057f20f883e',
    'Mike-hd123@qq.com',
    2,
    '3168901205',
    '123.jpg',
    0
  ),(
    87,
    '3168901206',
    'e10adc3949ba59abbe56e057f20f883e',
    'Mike-hd123@qq.com',
    2,
    '3168901206',
    '123.jpg',
    0
  ),(
    88,
    '3168901207',
    'e10adc3949ba59abbe56e057f20f883e',
    'Mike-hd123@qq.com',
    2,
    '3168901207',
    '123.jpg',
    0
  ),(
    89,
    '3168901208',
    'e10adc3949ba59abbe56e057f20f883e',
    'Mike-hd123@qq.com',
    2,
    '3168901208',
    '123.jpg',
    0
  ),(
    90,
    '3168901209',
    'e10adc3949ba59abbe56e057f20f883e',
    'Mike-hd123@qq.com',
    2,
    '3168901209',
    '123.jpg',
    0
  ),(
    91,
    '3168901210',
    'e10adc3949ba59abbe56e057f20f883e',
    'Mike-hd123@qq.com',
    2,
    '3168901210',
    '123.jpg',
    0
  ),(
    92,
    '3168901211',
    'e10adc3949ba59abbe56e057f20f883e',
    'Mike-hd123@qq.com',
    2,
    '3168901211',
    '123.jpg',
    0
  ),(
    93,
    '3168901212',
    'e10adc3949ba59abbe56e057f20f883e',
    'Mike-hd123@qq.com',
    2,
    '3168901212',
    '123.jpg',
    0
  ),(
    94,
    '3168901213',
    'e10adc3949ba59abbe56e057f20f883e',
    'Mike-hd123@qq.com',
    2,
    '3168901213',
    '123.jpg',
    0
  ),(
    95,
    '3168901214',
    'e10adc3949ba59abbe56e057f20f883e',
    'Mike-hd123@qq.com',
    2,
    '3168901214',
    '123.jpg',
    0
  ),(
    96,
    '3168901215',
    'e10adc3949ba59abbe56e057f20f883e',
    'Mike-hd123@qq.com',
    2,
    '3168901215',
    '123.jpg',
    0
  ),(
    97,
    '3168901216',
    'e10adc3949ba59abbe56e057f20f883e',
    'Mike-hd123@qq.com',
    2,
    '3168901216',
    '123.jpg',
    0
  ),(
    98,
    '3168901217',
    'e10adc3949ba59abbe56e057f20f883e',
    'Mike-hd123@qq.com',
    2,
    '3168901217',
    '123.jpg',
    0
  ),(
    99,
    '3168901218',
    'e10adc3949ba59abbe56e057f20f883e',
    'Mike-hd123@qq.com',
    2,
    '3168901218',
    '123.jpg',
    0
  ),(
    100,
    '3168901219',
    'e10adc3949ba59abbe56e057f20f883e',
    'Mike-hd123@qq.com',
    2,
    '3168901219',
    '123.jpg',
    0
  ),(
    101,
    '3168901220',
    'e10adc3949ba59abbe56e057f20f883e',
    'Mike-hd123@qq.com',
    2,
    '3168901220',
    '123.jpg',
    0
  ),(
    102,
    '3168901221',
    'e10adc3949ba59abbe56e057f20f883e',
    'Mike-hd123@qq.com',
    2,
    '3168901221',
    '123.jpg',
    0
  ),(
    103,
    '3168901222',
    'e10adc3949ba59abbe56e057f20f883e',
    'Mike-hd123@qq.com',
    2,
    '3168901222',
    '123.jpg',
    0
  ),(
    104,
    '3168901223',
    'e10adc3949ba59abbe56e057f20f883e',
    'Mike-hd123@qq.com',
    2,
    '3168901223',
    '123.jpg',
    0
  ),(
    105,
    '3168901224',
    'e10adc3949ba59abbe56e057f20f883e',
    'Mike-hd123@qq.com',
    2,
    '3168901224',
    '123.jpg',
    0
  ),(
    106,
    '3168901225',
    'e10adc3949ba59abbe56e057f20f883e',
    'Mike-hd123@qq.com',
    2,
    '3168901225',
    '123.jpg',
    0
  ),(
    107,
    '3168901226',
    'e10adc3949ba59abbe56e057f20f883e',
    'Mike-hd123@qq.com',
    2,
    '3168901226',
    '123.jpg',
    0
  ),(
    108,
    '3168901227',
    'e10adc3949ba59abbe56e057f20f883e',
    'Mike-hd123@qq.com',
    2,
    '3168901227',
    '123.jpg',
    0
  ),(
    109,
    '3168901228',
    'e10adc3949ba59abbe56e057f20f883e',
    'Mike-hd123@qq.com',
    2,
    '3168901228',
    '123.jpg',
    0
  ),(
    110,
    '3168901229',
    'e10adc3949ba59abbe56e057f20f883e',
    'Mike-hd123@qq.com',
    2,
    '3168901229',
    '123.jpg',
    0
  ),(
    111,
    '3168901230',
    'e10adc3949ba59abbe56e057f20f883e',
    'Mike-hd123@qq.com',
    2,
    '3168901230',
    '123.jpg',
    0
  ),(
    112,
    '3168901231',
    'e10adc3949ba59abbe56e057f20f883e',
    'Mike-hd123@qq.com',
    2,
    '3168901231',
    '123.jpg',
    0
  ),(
    113,
    '3168901232',
    'e10adc3949ba59abbe56e057f20f883e',
    'Mike-hd123@qq.com',
    2,
    '3168901232',
    '123.jpg',
    0
  ),(
    114,
    '3168901233',
    'e10adc3949ba59abbe56e057f20f883e',
    'Mike-hd123@qq.com',
    2,
    '3168901233',
    '123.jpg',
    0
  ),(
    115,
    '3168901234',
    'e10adc3949ba59abbe56e057f20f883e',
    'Mike-hd123@qq.com',
    2,
    '3168901234',
    '123.jpg',
    0
  ),(
    116,
    '3168901235',
    'e10adc3949ba59abbe56e057f20f883e',
    'Mike-hd123@qq.com',
    2,
    '3168901235',
    '123.jpg',
    0
  ),(
    117,
    '3168901236',
    'e10adc3949ba59abbe56e057f20f883e',
    'Mike-hd123@qq.com',
    2,
    '3168901236',
    '123.jpg',
    0
  ),(
    118,
    '3168901237',
    'e10adc3949ba59abbe56e057f20f883e',
    'Mike-hd123@qq.com',
    2,
    '3168901237',
    '123.jpg',
    0
  ),(
    119,
    '3168901238',
    'e10adc3949ba59abbe56e057f20f883e',
    'Mike-hd123@qq.com',
    2,
    '3168901238',
    '123.jpg',
    0
  ),(
    120,
    '3168901239',
    'e10adc3949ba59abbe56e057f20f883e',
    'Mike-hd123@qq.com',
    2,
    '3168901239',
    '123.jpg',
    0
  ),(
    121,
    '3168901240',
    'e10adc3949ba59abbe56e057f20f883e',
    'Mike-hd123@qq.com',
    2,
    '3168901240',
    '123.jpg',
    0
  ),(
    122,
    '3168901241',
    'e10adc3949ba59abbe56e057f20f883e',
    'Mike-hd123@qq.com',
    2,
    '3168901241',
    '123.jpg',
    0
  ),(
    123,
    '3168901242',
    'e10adc3949ba59abbe56e057f20f883e',
    'Mike-hd123@qq.com',
    2,
    '3168901242',
    '123.jpg',
    0
  ),(
    124,
    '3168901243',
    'e10adc3949ba59abbe56e057f20f883e',
    'Mike-hd123@qq.com',
    2,
    '3168901243',
    '123.jpg',
    0
  ),(
    125,
    '3168901244',
    'e10adc3949ba59abbe56e057f20f883e',
    'Mike-hd123@qq.com',
    2,
    '3168901244',
    '123.jpg',
    0
  ),(
    126,
    '3168901245',
    'e10adc3949ba59abbe56e057f20f883e',
    'Mike-hd123@qq.com',
    2,
    '3168901245',
    '123.jpg',
    0
  ),(
    127,
    '3168901246',
    'e10adc3949ba59abbe56e057f20f883e',
    'Mike-hd123@qq.com',
    2,
    '3168901246',
    '123.jpg',
    0
  ),(
    128,
    '3168901247',
    'e10adc3949ba59abbe56e057f20f883e',
    'Mike-hd123@qq.com',
    2,
    '3168901247',
    '123.jpg',
    0
  ),(
    129,
    '3168901248',
    'e10adc3949ba59abbe56e057f20f883e',
    'Mike-hd123@qq.com',
    2,
    '3168901248',
    '123.jpg',
    0
  ),(
    130,
    '3168901249',
    'e10adc3949ba59abbe56e057f20f883e',
    'Mike-hd123@qq.com',
    2,
    '3168901249',
    '123.jpg',
    0
  ),(
    131,
    '3168901250',
    'e10adc3949ba59abbe56e057f20f883e',
    'Mike-hd123@qq.com',
    2,
    '3168901250',
    '123.jpg',
    0
  ),(
    132,
    '3168901324',
    'e10adc3949ba59abbe56e057f20f883e',
    'Mike-hd123@qq.com',
    2,
    '3168901324',
    '123.jpg',
    0
  ),(
    133,
    '3168902101',
    'e10adc3949ba59abbe56e057f20f883e',
    'Mike-hd123@qq.com',
    2,
    '3168902101',
    '123.jpg',
    0
  ),(
    134,
    '3168902102',
    'e10adc3949ba59abbe56e057f20f883e',
    'Mike-hd123@qq.com',
    2,
    '3168902102',
    '123.jpg',
    0
  ),(
    135,
    '3168902103',
    'e10adc3949ba59abbe56e057f20f883e',
    'Mike-hd123@qq.com',
    2,
    '3168902103',
    '123.jpg',
    0
  ),(
    136,
    '3168902104',
    'e10adc3949ba59abbe56e057f20f883e',
    'Mike-hd123@qq.com',
    2,
    '3168902104',
    '123.jpg',
    0
  ),(
    137,
    '3168902105',
    'e10adc3949ba59abbe56e057f20f883e',
    'Mike-hd123@qq.com',
    2,
    '3168902105',
    '123.jpg',
    0
  ),(
    138,
    '3168902106',
    'e10adc3949ba59abbe56e057f20f883e',
    'Mike-hd123@qq.com',
    2,
    '3168902106',
    '123.jpg',
    0
  ),(
    139,
    '3168902107',
    'e10adc3949ba59abbe56e057f20f883e',
    'Mike-hd123@qq.com',
    2,
    '3168902107',
    '123.jpg',
    0
  ),(
    140,
    '3168902108',
    'e10adc3949ba59abbe56e057f20f883e',
    'Mike-hd123@qq.com',
    2,
    '3168902108',
    '123.jpg',
    0
  ),(
    141,
    '3168902109',
    'e10adc3949ba59abbe56e057f20f883e',
    'Mike-hd123@qq.com',
    2,
    '3168902109',
    '123.jpg',
    0
  ),(
    142,
    '3168902110',
    'e10adc3949ba59abbe56e057f20f883e',
    'Mike-hd123@qq.com',
    2,
    '3168902110',
    '123.jpg',
    0
  ),(
    143,
    '3168902111',
    'e10adc3949ba59abbe56e057f20f883e',
    'Mike-hd123@qq.com',
    2,
    '3168902111',
    '123.jpg',
    0
  ),(
    144,
    '3168902112',
    'e10adc3949ba59abbe56e057f20f883e',
    'Mike-hd123@qq.com',
    2,
    '3168902112',
    '123.jpg',
    0
  ),(
    145,
    '3168902113',
    'e10adc3949ba59abbe56e057f20f883e',
    'Mike-hd123@qq.com',
    2,
    '3168902113',
    '123.jpg',
    0
  ),(
    146,
    '3168902114',
    'e10adc3949ba59abbe56e057f20f883e',
    'Mike-hd123@qq.com',
    2,
    '3168902114',
    '123.jpg',
    0
  ),(
    147,
    '3168902115',
    'e10adc3949ba59abbe56e057f20f883e',
    'Mike-hd123@qq.com',
    2,
    '3168902115',
    '123.jpg',
    0
  ),(
    148,
    '3168902116',
    'e10adc3949ba59abbe56e057f20f883e',
    'Mike-hd123@qq.com',
    2,
    '3168902116',
    '123.jpg',
    0
  ),(
    149,
    '3168902117',
    'e10adc3949ba59abbe56e057f20f883e',
    'Mike-hd123@qq.com',
    2,
    '3168902117',
    '123.jpg',
    0
  ),(
    150,
    '3168902118',
    'e10adc3949ba59abbe56e057f20f883e',
    'Mike-hd123@qq.com',
    2,
    '3168902118',
    '123.jpg',
    0
  ),(
    151,
    '3168902119',
    'e10adc3949ba59abbe56e057f20f883e',
    'Mike-hd123@qq.com',
    2,
    '3168902119',
    '123.jpg',
    0
  ),(
    152,
    '3168902120',
    'e10adc3949ba59abbe56e057f20f883e',
    'Mike-hd123@qq.com',
    2,
    '3168902120',
    '123.jpg',
    0
  ),(
    153,
    '3168902121',
    'e10adc3949ba59abbe56e057f20f883e',
    'Mike-hd123@qq.com',
    2,
    '3168902121',
    '123.jpg',
    0
  ),(
    154,
    '3168902122',
    'e10adc3949ba59abbe56e057f20f883e',
    'Mike-hd123@qq.com',
    2,
    '3168902122',
    '123.jpg',
    0
  ),(
    155,
    '3168902123',
    'e10adc3949ba59abbe56e057f20f883e',
    'Mike-hd123@qq.com',
    2,
    '3168902123',
    '123.jpg',
    0
  ),(
    156,
    '3168902124',
    'e10adc3949ba59abbe56e057f20f883e',
    'Mike-hd123@qq.com',
    2,
    '3168902124',
    '123.jpg',
    0
  ),(
    157,
    '3168902125',
    'e10adc3949ba59abbe56e057f20f883e',
    'Mike-hd123@qq.com',
    2,
    '3168902125',
    '123.jpg',
    0
  ),(
    158,
    '3168902126',
    'e10adc3949ba59abbe56e057f20f883e',
    'Mike-hd123@qq.com',
    2,
    '3168902126',
    '123.jpg',
    0
  ),(
    159,
    '3168902127',
    'e10adc3949ba59abbe56e057f20f883e',
    'Mike-hd123@qq.com',
    2,
    '3168902127',
    '123.jpg',
    0
  ),(
    160,
    '3168902128',
    'e10adc3949ba59abbe56e057f20f883e',
    'Mike-hd123@qq.com',
    2,
    '3168902128',
    '123.jpg',
    0
  ),(
    161,
    '3168902129',
    'e10adc3949ba59abbe56e057f20f883e',
    'Mike-hd123@qq.com',
    2,
    '3168902129',
    '123.jpg',
    0
  ),(
    162,
    '3168902130',
    'e10adc3949ba59abbe56e057f20f883e',
    'Mike-hd123@qq.com',
    2,
    '3168902130',
    '123.jpg',
    0
  ),(
    163,
    '3168902131',
    'e10adc3949ba59abbe56e057f20f883e',
    'Mike-hd123@qq.com',
    2,
    '3168902131',
    '123.jpg',
    0
  ),(
    164,
    '3168902132',
    'e10adc3949ba59abbe56e057f20f883e',
    'Mike-hd123@qq.com',
    2,
    '3168902132',
    '123.jpg',
    0
  ),(
    165,
    '3168902133',
    'e10adc3949ba59abbe56e057f20f883e',
    'Mike-hd123@qq.com',
    2,
    '3168902133',
    '123.jpg',
    0
  ),(
    166,
    '3168902134',
    'e10adc3949ba59abbe56e057f20f883e',
    'Mike-hd123@qq.com',
    2,
    '3168902134',
    '123.jpg',
    0
  ),(
    167,
    '3168902135',
    'e10adc3949ba59abbe56e057f20f883e',
    'Mike-hd123@qq.com',
    2,
    '3168902135',
    '123.jpg',
    0
  ),(
    168,
    '3168902136',
    'e10adc3949ba59abbe56e057f20f883e',
    'Mike-hd123@qq.com',
    2,
    '3168902136',
    '123.jpg',
    0
  ),(
    169,
    '3168902137',
    'e10adc3949ba59abbe56e057f20f883e',
    'Mike-hd123@qq.com',
    2,
    '3168902137',
    '123.jpg',
    0
  ),(
    170,
    '3168902138',
    'e10adc3949ba59abbe56e057f20f883e',
    'Mike-hd123@qq.com',
    2,
    '3168902138',
    '123.jpg',
    0
  ),(
    171,
    '3168902139',
    'e10adc3949ba59abbe56e057f20f883e',
    'Mike-hd123@qq.com',
    2,
    '3168902139',
    '123.jpg',
    0
  ),(
    172,
    '3168902140',
    'e10adc3949ba59abbe56e057f20f883e',
    'Mike-hd123@qq.com',
    2,
    '3168902140',
    '123.jpg',
    0
  ),(
    173,
    '3168902141',
    'e10adc3949ba59abbe56e057f20f883e',
    'Mike-hd123@qq.com',
    2,
    '3168902141',
    '123.jpg',
    0
  ),(
    174,
    '3168902142',
    'e10adc3949ba59abbe56e057f20f883e',
    'Mike-hd123@qq.com',
    2,
    '3168902142',
    '123.jpg',
    0
  ),(
    175,
    '3168902143',
    'e10adc3949ba59abbe56e057f20f883e',
    'Mike-hd123@qq.com',
    2,
    '3168902143',
    '123.jpg',
    0
  ),(
    176,
    '3168902144',
    'e10adc3949ba59abbe56e057f20f883e',
    'Mike-hd123@qq.com',
    2,
    '3168902144',
    '123.jpg',
    0
  ),(
    177,
    '3168902145',
    'e10adc3949ba59abbe56e057f20f883e',
    'Mike-hd123@qq.com',
    2,
    '3168902145',
    '123.jpg',
    0
  ),(
    178,
    '3168902146',
    'e10adc3949ba59abbe56e057f20f883e',
    'Mike-hd123@qq.com',
    2,
    '3168902146',
    '123.jpg',
    0
  ),(
    179,
    '3168902147',
    'e10adc3949ba59abbe56e057f20f883e',
    'Mike-hd123@qq.com',
    2,
    '3168902147',
    '123.jpg',
    0
  ),(
    180,
    '3168902148',
    'e10adc3949ba59abbe56e057f20f883e',
    'Mike-hd123@qq.com',
    2,
    '3168902148',
    '123.jpg',
    0
  ),(
    181,
    '3168902149',
    'e10adc3949ba59abbe56e057f20f883e',
    'Mike-hd123@qq.com',
    2,
    '3168902149',
    '123.jpg',
    0
  ),(
    182,
    '3168902150',
    'e10adc3949ba59abbe56e057f20f883e',
    'Mike-hd123@qq.com',
    2,
    '3168902150',
    '123.jpg',
    0
  ),(
    183,
    '3168903101',
    'e10adc3949ba59abbe56e057f20f883e',
    'Mike-hd123@qq.com',
    2,
    '3168903101',
    '123.jpg',
    0
  ),(
    184,
    '3168903102',
    'e10adc3949ba59abbe56e057f20f883e',
    'Mike-hd123@qq.com',
    2,
    '3168903102',
    '123.jpg',
    0
  ),(
    185,
    '3168903103',
    'e10adc3949ba59abbe56e057f20f883e',
    'Mike-hd123@qq.com',
    2,
    '3168903103',
    '123.jpg',
    0
  ),(
    186,
    '3168903104',
    'e10adc3949ba59abbe56e057f20f883e',
    'Mike-hd123@qq.com',
    2,
    '3168903104',
    '123.jpg',
    0
  ),(
    187,
    '3168903105',
    'e10adc3949ba59abbe56e057f20f883e',
    'Mike-hd123@qq.com',
    2,
    '3168903105',
    '123.jpg',
    0
  ),(
    188,
    '3168903106',
    'e10adc3949ba59abbe56e057f20f883e',
    'Mike-hd123@qq.com',
    2,
    '3168903106',
    '123.jpg',
    0
  ),(
    189,
    '3168903107',
    'e10adc3949ba59abbe56e057f20f883e',
    'Mike-hd123@qq.com',
    2,
    '3168903107',
    '123.jpg',
    0
  ),(
    190,
    '3168903108',
    'e10adc3949ba59abbe56e057f20f883e',
    'Mike-hd123@qq.com',
    2,
    '3168903108',
    '123.jpg',
    0
  ),(
    191,
    '3168903109',
    'e10adc3949ba59abbe56e057f20f883e',
    'Mike-hd123@qq.com',
    2,
    '3168903109',
    '123.jpg',
    0
  ),(
    192,
    '3168903110',
    'e10adc3949ba59abbe56e057f20f883e',
    'Mike-hd123@qq.com',
    2,
    '3168903110',
    '123.jpg',
    0
  ),(
    193,
    '3168903111',
    'e10adc3949ba59abbe56e057f20f883e',
    'Mike-hd123@qq.com',
    2,
    '3168903111',
    '123.jpg',
    0
  ),(
    194,
    '3168903112',
    'e10adc3949ba59abbe56e057f20f883e',
    'Mike-hd123@qq.com',
    2,
    '3168903112',
    '123.jpg',
    0
  ),(
    195,
    '3168903113',
    'e10adc3949ba59abbe56e057f20f883e',
    'Mike-hd123@qq.com',
    2,
    '3168903113',
    '123.jpg',
    0
  ),(
    196,
    '3168903114',
    'e10adc3949ba59abbe56e057f20f883e',
    'Mike-hd123@qq.com',
    2,
    '3168903114',
    '123.jpg',
    0
  ),(
    197,
    '3168903115',
    'e10adc3949ba59abbe56e057f20f883e',
    'Mike-hd123@qq.com',
    2,
    '3168903115',
    '123.jpg',
    0
  ),(
    198,
    '3168903116',
    'e10adc3949ba59abbe56e057f20f883e',
    'Mike-hd123@qq.com',
    2,
    '3168903116',
    '123.jpg',
    0
  ),(
    199,
    '3168903117',
    'e10adc3949ba59abbe56e057f20f883e',
    'Mike-hd123@qq.com',
    2,
    '3168903117',
    '123.jpg',
    0
  ),(
    200,
    '3168903118',
    'e10adc3949ba59abbe56e057f20f883e',
    'Mike-hd123@qq.com',
    2,
    '3168903118',
    '123.jpg',
    0
  ),(
    201,
    '3168903119',
    'e10adc3949ba59abbe56e057f20f883e',
    'Mike-hd123@qq.com',
    2,
    '3168903119',
    '123.jpg',
    0
  ),(
    202,
    '3168903120',
    'e10adc3949ba59abbe56e057f20f883e',
    'Mike-hd123@qq.com',
    2,
    '3168903120',
    '123.jpg',
    0
  ),(
    203,
    '3168903121',
    'e10adc3949ba59abbe56e057f20f883e',
    'Mike-hd123@qq.com',
    2,
    '3168903121',
    '123.jpg',
    0
  ),(
    204,
    '3168903122',
    'e10adc3949ba59abbe56e057f20f883e',
    'Mike-hd123@qq.com',
    2,
    '3168903122',
    '123.jpg',
    0
  ),(
    205,
    '3168903123',
    'e10adc3949ba59abbe56e057f20f883e',
    'Mike-hd123@qq.com',
    2,
    '3168903123',
    '123.jpg',
    0
  ),(
    206,
    '3168903124',
    'e10adc3949ba59abbe56e057f20f883e',
    'Mike-hd123@qq.com',
    2,
    '3168903124',
    '123.jpg',
    0
  ),(
    207,
    '3168903125',
    'e10adc3949ba59abbe56e057f20f883e',
    'Mike-hd123@qq.com',
    2,
    '3168903125',
    '123.jpg',
    0
  ),(
    208,
    '3168903126',
    'e10adc3949ba59abbe56e057f20f883e',
    'Mike-hd123@qq.com',
    2,
    '3168903126',
    '123.jpg',
    0
  ),(
    209,
    '3168903127',
    'e10adc3949ba59abbe56e057f20f883e',
    'Mike-hd123@qq.com',
    2,
    '3168903127',
    '123.jpg',
    0
  ),(
    210,
    '3168903128',
    'e10adc3949ba59abbe56e057f20f883e',
    'Mike-hd123@qq.com',
    2,
    '3168903128',
    '123.jpg',
    0
  ),(
    211,
    '3168903129',
    'e10adc3949ba59abbe56e057f20f883e',
    'Mike-hd123@qq.com',
    2,
    '3168903129',
    '123.jpg',
    0
  ),(
    212,
    '3168903130',
    'e10adc3949ba59abbe56e057f20f883e',
    'Mike-hd123@qq.com',
    2,
    '3168903130',
    '123.jpg',
    0
  ),(
    213,
    '3168903131',
    'e10adc3949ba59abbe56e057f20f883e',
    'Mike-hd123@qq.com',
    2,
    '3168903131',
    '123.jpg',
    0
  ),(
    214,
    '3168903132',
    'e10adc3949ba59abbe56e057f20f883e',
    'Mike-hd123@qq.com',
    2,
    '3168903132',
    '123.jpg',
    0
  ),(
    215,
    '3168903133',
    'e10adc3949ba59abbe56e057f20f883e',
    'Mike-hd123@qq.com',
    2,
    '3168903133',
    '123.jpg',
    0
  ),(
    216,
    '3168903134',
    'e10adc3949ba59abbe56e057f20f883e',
    'Mike-hd123@qq.com',
    2,
    '3168903134',
    '123.jpg',
    0
  ),(
    217,
    '3168903135',
    'e10adc3949ba59abbe56e057f20f883e',
    'Mike-hd123@qq.com',
    2,
    '3168903135',
    '123.jpg',
    0
  ),(
    218,
    '3168903136',
    'e10adc3949ba59abbe56e057f20f883e',
    'Mike-hd123@qq.com',
    2,
    '3168903136',
    '123.jpg',
    0
  ),(
    219,
    '3168903137',
    'e10adc3949ba59abbe56e057f20f883e',
    'Mike-hd123@qq.com',
    2,
    '3168903137',
    '123.jpg',
    0
  ),(
    220,
    '3168903138',
    'e10adc3949ba59abbe56e057f20f883e',
    'Mike-hd123@qq.com',
    2,
    '3168903138',
    '123.jpg',
    0
  ),(
    221,
    '3168903139',
    'e10adc3949ba59abbe56e057f20f883e',
    'Mike-hd123@qq.com',
    2,
    '3168903139',
    '123.jpg',
    0
  ),(
    222,
    '3168903140',
    'e10adc3949ba59abbe56e057f20f883e',
    'Mike-hd123@qq.com',
    2,
    '3168903140',
    '123.jpg',
    0
  ),(
    223,
    '3168903141',
    'e10adc3949ba59abbe56e057f20f883e',
    'Mike-hd123@qq.com',
    2,
    '3168903141',
    '123.jpg',
    0
  ),(
    224,
    '3168903142',
    'e10adc3949ba59abbe56e057f20f883e',
    'Mike-hd123@qq.com',
    2,
    '3168903142',
    '123.jpg',
    0
  ),(
    225,
    '3168903143',
    'e10adc3949ba59abbe56e057f20f883e',
    'Mike-hd123@qq.com',
    2,
    '3168903143',
    '123.jpg',
    0
  ),(
    226,
    '3168903144',
    'e10adc3949ba59abbe56e057f20f883e',
    'Mike-hd123@qq.com',
    2,
    '3168903144',
    '123.jpg',
    0
  ),(
    227,
    '3168903145',
    'e10adc3949ba59abbe56e057f20f883e',
    'Mike-hd123@qq.com',
    2,
    '3168903145',
    '123.jpg',
    0
  ),(
    228,
    '3168903146',
    'e10adc3949ba59abbe56e057f20f883e',
    'Mike-hd123@qq.com',
    2,
    '3168903146',
    '123.jpg',
    0
  ),(
    229,
    '3168903147',
    'e10adc3949ba59abbe56e057f20f883e',
    'Mike-hd123@qq.com',
    2,
    '3168903147',
    '123.jpg',
    0
  ),(
    230,
    '3168903148',
    'e10adc3949ba59abbe56e057f20f883e',
    'Mike-hd123@qq.com',
    2,
    '3168903148',
    '123.jpg',
    0
  ),(
    231,
    '3168903149',
    'e10adc3949ba59abbe56e057f20f883e',
    'Mike-hd123@qq.com',
    2,
    '3168903149',
    '123.jpg',
    0
  ),(
    232,
    '3168903150',
    'e10adc3949ba59abbe56e057f20f883e',
    'Mike-hd123@qq.com',
    2,
    '3168903150',
    '123.jpg',
    0
  ),(
    233,
    '3168903151',
    'e10adc3949ba59abbe56e057f20f883e',
    'Mike-hd123@qq.com',
    2,
    '3168903151',
    '123.jpg',
    0
  ),(
    234,
    '3168903152',
    'e10adc3949ba59abbe56e057f20f883e',
    'Mike-hd123@qq.com',
    2,
    '3168903152',
    '123.jpg',
    0
  ),(
    235,
    '3168903153',
    'e10adc3949ba59abbe56e057f20f883e',
    'Mike-hd123@qq.com',
    2,
    '3168903153',
    '123.jpg',
    0
  ),(
    236,
    '3168903154',
    'e10adc3949ba59abbe56e057f20f883e',
    'Mike-hd123@qq.com',
    2,
    '3168903154',
    '123.jpg',
    0
  ),(
    237,
    '3168903155',
    'e10adc3949ba59abbe56e057f20f883e',
    'Mike-hd123@qq.com',
    2,
    '3168903155',
    '123.jpg',
    0
  ),(
    238,
    '3168903156',
    'e10adc3949ba59abbe56e057f20f883e',
    'Mike-hd123@qq.com',
    2,
    '3168903156',
    '123.jpg',
    0
  ),(
    239,
    '3168903157',
    'e10adc3949ba59abbe56e057f20f883e',
    'Mike-hd123@qq.com',
    2,
    '3168903157',
    '123.jpg',
    0
  ),(
    240,
    '3168903158',
    'e10adc3949ba59abbe56e057f20f883e',
    'Mike-hd123@qq.com',
    2,
    '3168903158',
    '123.jpg',
    0
  ),(
    241,
    '3168903159',
    'e10adc3949ba59abbe56e057f20f883e',
    'Mike-hd123@qq.com',
    2,
    '3168903159',
    '123.jpg',
    0
  ),(
    242,
    '3168903160',
    'e10adc3949ba59abbe56e057f20f883e',
    'Mike-hd123@qq.com',
    2,
    '3168903160',
    '123.jpg',
    0
  ),(
    243,
    '3168904101',
    'e10adc3949ba59abbe56e057f20f883e',
    'Mike-hd123@qq.com',
    2,
    '3168904101',
    '123.jpg',
    0
  ),(
    244,
    '3168904102',
    'e10adc3949ba59abbe56e057f20f883e',
    'Mike-hd123@qq.com',
    2,
    '3168904102',
    '123.jpg',
    0
  ),(
    245,
    '3168904103',
    'e10adc3949ba59abbe56e057f20f883e',
    'Mike-hd123@qq.com',
    2,
    '3168904103',
    '123.jpg',
    0
  ),(
    246,
    '3168904104',
    'e10adc3949ba59abbe56e057f20f883e',
    'Mike-hd123@qq.com',
    2,
    '3168904104',
    '123.jpg',
    0
  ),(
    247,
    '3168904105',
    'e10adc3949ba59abbe56e057f20f883e',
    'Mike-hd123@qq.com',
    2,
    '3168904105',
    '123.jpg',
    0
  ),(
    248,
    '3168904106',
    'e10adc3949ba59abbe56e057f20f883e',
    'Mike-hd123@qq.com',
    2,
    '3168904106',
    '123.jpg',
    0
  ),(
    249,
    '3168904107',
    'e10adc3949ba59abbe56e057f20f883e',
    'Mike-hd123@qq.com',
    2,
    '3168904107',
    '123.jpg',
    0
  ),(
    250,
    '3168904108',
    'e10adc3949ba59abbe56e057f20f883e',
    'Mike-hd123@qq.com',
    2,
    '3168904108',
    '123.jpg',
    0
  ),(
    251,
    '3168904109',
    'e10adc3949ba59abbe56e057f20f883e',
    'Mike-hd123@qq.com',
    2,
    '3168904109',
    '123.jpg',
    0
  ),(
    252,
    '3168904110',
    'e10adc3949ba59abbe56e057f20f883e',
    'Mike-hd123@qq.com',
    2,
    '3168904110',
    '123.jpg',
    0
  ),(
    253,
    '3168904111',
    'e10adc3949ba59abbe56e057f20f883e',
    'Mike-hd123@qq.com',
    2,
    '3168904111',
    '123.jpg',
    0
  ),(
    254,
    '3168904112',
    'e10adc3949ba59abbe56e057f20f883e',
    'Mike-hd123@qq.com',
    2,
    '3168904112',
    '123.jpg',
    0
  ),(
    255,
    '3168904113',
    'e10adc3949ba59abbe56e057f20f883e',
    'Mike-hd123@qq.com',
    2,
    '3168904113',
    '123.jpg',
    0
  ),(
    256,
    '3168904114',
    'e10adc3949ba59abbe56e057f20f883e',
    'Mike-hd123@qq.com',
    2,
    '3168904114',
    '123.jpg',
    0
  ),(
    257,
    '3168904115',
    'e10adc3949ba59abbe56e057f20f883e',
    'Mike-hd123@qq.com',
    2,
    '3168904115',
    '123.jpg',
    0
  ),(
    258,
    '3168904116',
    'e10adc3949ba59abbe56e057f20f883e',
    'Mike-hd123@qq.com',
    2,
    '3168904116',
    '123.jpg',
    0
  ),(
    259,
    '3168904117',
    'e10adc3949ba59abbe56e057f20f883e',
    'Mike-hd123@qq.com',
    2,
    '3168904117',
    '123.jpg',
    0
  ),(
    260,
    '3168904118',
    'e10adc3949ba59abbe56e057f20f883e',
    'Mike-hd123@qq.com',
    2,
    '3168904118',
    '123.jpg',
    0
  ),(
    261,
    '3168904119',
    'e10adc3949ba59abbe56e057f20f883e',
    'Mike-hd123@qq.com',
    2,
    '3168904119',
    '123.jpg',
    0
  ),(
    262,
    '3168904120',
    'e10adc3949ba59abbe56e057f20f883e',
    'Mike-hd123@qq.com',
    2,
    '3168904120',
    '123.jpg',
    0
  ),(
    263,
    '3168904121',
    'e10adc3949ba59abbe56e057f20f883e',
    'Mike-hd123@qq.com',
    2,
    '3168904121',
    '123.jpg',
    0
  ),(
    264,
    '3168904122',
    'e10adc3949ba59abbe56e057f20f883e',
    'Mike-hd123@qq.com',
    2,
    '3168904122',
    '123.jpg',
    0
  ),(
    265,
    '3168904123',
    'e10adc3949ba59abbe56e057f20f883e',
    'Mike-hd123@qq.com',
    2,
    '3168904123',
    '123.jpg',
    0
  ),(
    266,
    '3168904124',
    'e10adc3949ba59abbe56e057f20f883e',
    'Mike-hd123@qq.com',
    2,
    '3168904124',
    '123.jpg',
    0
  ),(
    267,
    '3168904125',
    'e10adc3949ba59abbe56e057f20f883e',
    'Mike-hd123@qq.com',
    2,
    '3168904125',
    '123.jpg',
    0
  ),(
    268,
    '3168904126',
    'e10adc3949ba59abbe56e057f20f883e',
    'Mike-hd123@qq.com',
    2,
    '3168904126',
    '123.jpg',
    0
  ),(
    269,
    '3168904127',
    'e10adc3949ba59abbe56e057f20f883e',
    'Mike-hd123@qq.com',
    2,
    '3168904127',
    '123.jpg',
    0
  ),(
    270,
    '3168904128',
    'e10adc3949ba59abbe56e057f20f883e',
    'Mike-hd123@qq.com',
    2,
    '3168904128',
    '123.jpg',
    0
  ),(
    271,
    '3168904129',
    'e10adc3949ba59abbe56e057f20f883e',
    'Mike-hd123@qq.com',
    2,
    '3168904129',
    '123.jpg',
    0
  ),(
    272,
    '3168904130',
    'e10adc3949ba59abbe56e057f20f883e',
    'Mike-hd123@qq.com',
    2,
    '3168904130',
    '123.jpg',
    0
  ),(
    273,
    '3168904131',
    'e10adc3949ba59abbe56e057f20f883e',
    'Mike-hd123@qq.com',
    2,
    '3168904131',
    '123.jpg',
    0
  ),(
    274,
    '3168904132',
    'e10adc3949ba59abbe56e057f20f883e',
    'Mike-hd123@qq.com',
    2,
    '3168904132',
    '123.jpg',
    0
  ),(
    275,
    '3168904133',
    'e10adc3949ba59abbe56e057f20f883e',
    'Mike-hd123@qq.com',
    2,
    '3168904133',
    '123.jpg',
    0
  ),(
    276,
    '3168904134',
    'e10adc3949ba59abbe56e057f20f883e',
    'Mike-hd123@qq.com',
    2,
    '3168904134',
    '123.jpg',
    0
  ),(
    277,
    '3168904135',
    'e10adc3949ba59abbe56e057f20f883e',
    'Mike-hd123@qq.com',
    2,
    '3168904135',
    '123.jpg',
    0
  ),(
    278,
    '3168904136',
    'e10adc3949ba59abbe56e057f20f883e',
    'Mike-hd123@qq.com',
    2,
    '3168904136',
    '123.jpg',
    0
  ),(
    279,
    '3168904137',
    'e10adc3949ba59abbe56e057f20f883e',
    'Mike-hd123@qq.com',
    2,
    '3168904137',
    '123.jpg',
    0
  ),(
    280,
    '3168904138',
    'e10adc3949ba59abbe56e057f20f883e',
    'Mike-hd123@qq.com',
    2,
    '3168904138',
    '123.jpg',
    0
  ),(
    281,
    '3168904139',
    'e10adc3949ba59abbe56e057f20f883e',
    'Mike-hd123@qq.com',
    2,
    '3168904139',
    '123.jpg',
    0
  ),(
    282,
    '3168904140',
    'e10adc3949ba59abbe56e057f20f883e',
    'Mike-hd123@qq.com',
    2,
    '3168904140',
    '123.jpg',
    0
  ),(
    283,
    '3168904141',
    'e10adc3949ba59abbe56e057f20f883e',
    'Mike-hd123@qq.com',
    2,
    '3168904141',
    '123.jpg',
    0
  ),(
    284,
    '3168904142',
    'e10adc3949ba59abbe56e057f20f883e',
    'Mike-hd123@qq.com',
    2,
    '3168904142',
    '123.jpg',
    0
  ),(
    285,
    '3168904143',
    'e10adc3949ba59abbe56e057f20f883e',
    'Mike-hd123@qq.com',
    2,
    '3168904143',
    '123.jpg',
    0
  ),(
    286,
    '3168904144',
    'e10adc3949ba59abbe56e057f20f883e',
    'Mike-hd123@qq.com',
    2,
    '3168904144',
    '123.jpg',
    0
  ),(
    287,
    '3168904145',
    'e10adc3949ba59abbe56e057f20f883e',
    'Mike-hd123@qq.com',
    2,
    '3168904145',
    '123.jpg',
    0
  ),(
    288,
    '3168904146',
    'e10adc3949ba59abbe56e057f20f883e',
    'Mike-hd123@qq.com',
    2,
    '3168904146',
    '123.jpg',
    0
  ),(
    289,
    '3168904147',
    'e10adc3949ba59abbe56e057f20f883e',
    'Mike-hd123@qq.com',
    2,
    '3168904147',
    '123.jpg',
    0
  ),(
    290,
    '3168904148',
    'e10adc3949ba59abbe56e057f20f883e',
    'Mike-hd123@qq.com',
    2,
    '3168904148',
    '123.jpg',
    0
  ),(
    291,
    '3168904149',
    'e10adc3949ba59abbe56e057f20f883e',
    'Mike-hd123@qq.com',
    2,
    '3168904149',
    '123.jpg',
    0
  ),(
    292,
    '3168904150',
    'e10adc3949ba59abbe56e057f20f883e',
    'Mike-hd123@qq.com',
    2,
    '3168904150',
    '123.jpg',
    0
  ),(
    293,
    '3168904151',
    'e10adc3949ba59abbe56e057f20f883e',
    'Mike-hd123@qq.com',
    2,
    '3168904151',
    '123.jpg',
    0
  ),(
    294,
    '3168904152',
    'e10adc3949ba59abbe56e057f20f883e',
    'Mike-hd123@qq.com',
    2,
    '3168904152',
    '123.jpg',
    0
  ),(
    295,
    '3168904153',
    'e10adc3949ba59abbe56e057f20f883e',
    'Mike-hd123@qq.com',
    2,
    '3168904153',
    '123.jpg',
    0
  ),(
    296,
    '3168904154',
    'e10adc3949ba59abbe56e057f20f883e',
    'Mike-hd123@qq.com',
    2,
    '3168904154',
    '123.jpg',
    0
  ),(
    297,
    '3168904155',
    'e10adc3949ba59abbe56e057f20f883e',
    'Mike-hd123@qq.com',
    2,
    '3168904155',
    '123.jpg',
    0
  ),(
    298,
    '3168904156',
    'e10adc3949ba59abbe56e057f20f883e',
    'Mike-hd123@qq.com',
    2,
    '3168904156',
    '123.jpg',
    0
  ),(
    299,
    '3168904157',
    'e10adc3949ba59abbe56e057f20f883e',
    'Mike-hd123@qq.com',
    2,
    '3168904157',
    '123.jpg',
    0
  ),(
    300,
    '3168904158',
    'e10adc3949ba59abbe56e057f20f883e',
    'Mike-hd123@qq.com',
    2,
    '3168904158',
    '123.jpg',
    0
  ),(
    301,
    '3168904159',
    'e10adc3949ba59abbe56e057f20f883e',
    'Mike-hd123@qq.com',
    2,
    '3168904159',
    '123.jpg',
    0
  ),(
    302,
    '3168904160',
    'e10adc3949ba59abbe56e057f20f883e',
    'Mike-hd123@qq.com',
    2,
    '3168904160',
    '123.jpg',
    0
  ),(
    303,
    '3168904201',
    'e10adc3949ba59abbe56e057f20f883e',
    'Mike-hd123@qq.com',
    2,
    '3168904201',
    '123.jpg',
    0
  ),(
    304,
    '3168904202',
    'e10adc3949ba59abbe56e057f20f883e',
    'Mike-hd123@qq.com',
    2,
    '3168904202',
    '123.jpg',
    0
  ),(
    305,
    '3168904203',
    'e10adc3949ba59abbe56e057f20f883e',
    'Mike-hd123@qq.com',
    2,
    '3168904203',
    '123.jpg',
    0
  ),(
    306,
    '3168904204',
    'e10adc3949ba59abbe56e057f20f883e',
    'Mike-hd123@qq.com',
    2,
    '3168904204',
    '123.jpg',
    0
  ),(
    307,
    '3168904205',
    'e10adc3949ba59abbe56e057f20f883e',
    'Mike-hd123@qq.com',
    2,
    '3168904205',
    '123.jpg',
    0
  ),(
    308,
    '3168904206',
    'e10adc3949ba59abbe56e057f20f883e',
    'Mike-hd123@qq.com',
    2,
    '3168904206',
    '123.jpg',
    0
  ),(
    309,
    '3168904207',
    'e10adc3949ba59abbe56e057f20f883e',
    'Mike-hd123@qq.com',
    2,
    '3168904207',
    '123.jpg',
    0
  ),(
    310,
    '3168904208',
    'e10adc3949ba59abbe56e057f20f883e',
    'Mike-hd123@qq.com',
    2,
    '3168904208',
    '123.jpg',
    0
  ),(
    311,
    '3168904209',
    'e10adc3949ba59abbe56e057f20f883e',
    'Mike-hd123@qq.com',
    2,
    '3168904209',
    '123.jpg',
    0
  ),(
    312,
    '3168904210',
    'e10adc3949ba59abbe56e057f20f883e',
    'Mike-hd123@qq.com',
    2,
    '3168904210',
    '123.jpg',
    0
  ),(
    313,
    '3168904211',
    'e10adc3949ba59abbe56e057f20f883e',
    'Mike-hd123@qq.com',
    2,
    '3168904211',
    '123.jpg',
    0
  ),(
    314,
    '3168904212',
    'e10adc3949ba59abbe56e057f20f883e',
    'Mike-hd123@qq.com',
    2,
    '3168904212',
    '123.jpg',
    0
  ),(
    315,
    '3168904213',
    'e10adc3949ba59abbe56e057f20f883e',
    'Mike-hd123@qq.com',
    2,
    '3168904213',
    '123.jpg',
    0
  ),(
    316,
    '3168904214',
    'e10adc3949ba59abbe56e057f20f883e',
    'Mike-hd123@qq.com',
    2,
    '3168904214',
    '123.jpg',
    0
  ),(
    317,
    '3168904215',
    'e10adc3949ba59abbe56e057f20f883e',
    'Mike-hd123@qq.com',
    2,
    '3168904215',
    '123.jpg',
    0
  ),(
    318,
    '3168904216',
    'e10adc3949ba59abbe56e057f20f883e',
    'Mike-hd123@qq.com',
    2,
    '3168904216',
    '123.jpg',
    0
  ),(
    319,
    '3168904217',
    'e10adc3949ba59abbe56e057f20f883e',
    'Mike-hd123@qq.com',
    2,
    '3168904217',
    '123.jpg',
    0
  ),(
    320,
    '3168904218',
    'e10adc3949ba59abbe56e057f20f883e',
    'Mike-hd123@qq.com',
    2,
    '3168904218',
    '123.jpg',
    0
  ),(
    321,
    '3168904219',
    'e10adc3949ba59abbe56e057f20f883e',
    'Mike-hd123@qq.com',
    2,
    '3168904219',
    '123.jpg',
    0
  ),(
    322,
    '3168904220',
    'e10adc3949ba59abbe56e057f20f883e',
    'Mike-hd123@qq.com',
    2,
    '3168904220',
    '123.jpg',
    0
  ),(
    323,
    '3168904221',
    'e10adc3949ba59abbe56e057f20f883e',
    'Mike-hd123@qq.com',
    2,
    '3168904221',
    '123.jpg',
    0
  ),(
    324,
    '3168904222',
    'e10adc3949ba59abbe56e057f20f883e',
    'Mike-hd123@qq.com',
    2,
    '3168904222',
    '123.jpg',
    0
  ),(
    325,
    '3168904223',
    'e10adc3949ba59abbe56e057f20f883e',
    'Mike-hd123@qq.com',
    2,
    '3168904223',
    '123.jpg',
    0
  ),(
    326,
    '3168904224',
    'e10adc3949ba59abbe56e057f20f883e',
    'Mike-hd123@qq.com',
    2,
    '3168904224',
    '123.jpg',
    0
  ),(
    327,
    '3168904225',
    'e10adc3949ba59abbe56e057f20f883e',
    'Mike-hd123@qq.com',
    2,
    '3168904225',
    '123.jpg',
    0
  ),(
    328,
    '3168904226',
    'e10adc3949ba59abbe56e057f20f883e',
    'Mike-hd123@qq.com',
    2,
    '3168904226',
    '123.jpg',
    0
  ),(
    329,
    '3168904227',
    'e10adc3949ba59abbe56e057f20f883e',
    'Mike-hd123@qq.com',
    2,
    '3168904227',
    '123.jpg',
    0
  ),(
    330,
    '3168904228',
    'e10adc3949ba59abbe56e057f20f883e',
    'Mike-hd123@qq.com',
    2,
    '3168904228',
    '123.jpg',
    0
  ),(
    331,
    '3168904229',
    'e10adc3949ba59abbe56e057f20f883e',
    'Mike-hd123@qq.com',
    2,
    '3168904229',
    '123.jpg',
    0
  ),(
    332,
    '3168904230',
    'e10adc3949ba59abbe56e057f20f883e',
    'Mike-hd123@qq.com',
    2,
    '3168904230',
    '123.jpg',
    0
  ),(
    333,
    '3168904231',
    'e10adc3949ba59abbe56e057f20f883e',
    'Mike-hd123@qq.com',
    2,
    '3168904231',
    '123.jpg',
    0
  ),(
    334,
    '3168904232',
    'e10adc3949ba59abbe56e057f20f883e',
    'Mike-hd123@qq.com',
    2,
    '3168904232',
    '123.jpg',
    0
  ),(
    335,
    '3168904233',
    'e10adc3949ba59abbe56e057f20f883e',
    'Mike-hd123@qq.com',
    2,
    '3168904233',
    '123.jpg',
    0
  ),(
    336,
    '3168904234',
    'e10adc3949ba59abbe56e057f20f883e',
    'Mike-hd123@qq.com',
    2,
    '3168904234',
    '123.jpg',
    0
  ),(
    337,
    '3168904235',
    'e10adc3949ba59abbe56e057f20f883e',
    'Mike-hd123@qq.com',
    2,
    '3168904235',
    '123.jpg',
    0
  ),(
    338,
    '3168904236',
    'e10adc3949ba59abbe56e057f20f883e',
    'Mike-hd123@qq.com',
    2,
    '3168904236',
    '123.jpg',
    0
  ),(
    339,
    '3168904237',
    'e10adc3949ba59abbe56e057f20f883e',
    'Mike-hd123@qq.com',
    2,
    '3168904237',
    '123.jpg',
    0
  ),(
    340,
    '3168904238',
    'e10adc3949ba59abbe56e057f20f883e',
    'Mike-hd123@qq.com',
    2,
    '3168904238',
    '123.jpg',
    0
  ),(
    341,
    '3168904239',
    'e10adc3949ba59abbe56e057f20f883e',
    'Mike-hd123@qq.com',
    2,
    '3168904239',
    '123.jpg',
    0
  ),(
    342,
    '3168904240',
    'e10adc3949ba59abbe56e057f20f883e',
    'Mike-hd123@qq.com',
    2,
    '3168904240',
    '123.jpg',
    0
  ),(
    343,
    '3168904241',
    'e10adc3949ba59abbe56e057f20f883e',
    'Mike-hd123@qq.com',
    2,
    '3168904241',
    '123.jpg',
    0
  ),(
    344,
    '3168904242',
    'e10adc3949ba59abbe56e057f20f883e',
    'Mike-hd123@qq.com',
    2,
    '3168904242',
    '123.jpg',
    0
  ),(
    345,
    '3168904243',
    'e10adc3949ba59abbe56e057f20f883e',
    'Mike-hd123@qq.com',
    2,
    '3168904243',
    '123.jpg',
    0
  ),(
    346,
    '3168904244',
    'e10adc3949ba59abbe56e057f20f883e',
    'Mike-hd123@qq.com',
    2,
    '3168904244',
    '123.jpg',
    0
  ),(
    347,
    '3168904245',
    'e10adc3949ba59abbe56e057f20f883e',
    'Mike-hd123@qq.com',
    2,
    '3168904245',
    '123.jpg',
    0
  ),(
    348,
    '3168904246',
    'e10adc3949ba59abbe56e057f20f883e',
    'Mike-hd123@qq.com',
    2,
    '3168904246',
    '123.jpg',
    0
  ),(
    349,
    '3168904247',
    'e10adc3949ba59abbe56e057f20f883e',
    'Mike-hd123@qq.com',
    2,
    '3168904247',
    '123.jpg',
    0
  ),(
    350,
    '3168904248',
    'e10adc3949ba59abbe56e057f20f883e',
    'Mike-hd123@qq.com',
    2,
    '3168904248',
    '123.jpg',
    0
  ),(
    351,
    '3168904249',
    'e10adc3949ba59abbe56e057f20f883e',
    'Mike-hd123@qq.com',
    2,
    '3168904249',
    '123.jpg',
    0
  ),(
    352,
    '3168904250',
    'e10adc3949ba59abbe56e057f20f883e',
    'Mike-hd123@qq.com',
    2,
    '3168904250',
    '123.jpg',
    0
  ),(
    353,
    '3168905101',
    'e10adc3949ba59abbe56e057f20f883e',
    'Mike-hd123@qq.com',
    2,
    '3168905101',
    '123.jpg',
    0
  ),(
    354,
    '3168905102',
    'e10adc3949ba59abbe56e057f20f883e',
    'Mike-hd123@qq.com',
    2,
    '3168905102',
    '123.jpg',
    0
  ),(
    355,
    '3168905103',
    'e10adc3949ba59abbe56e057f20f883e',
    'Mike-hd123@qq.com',
    2,
    '3168905103',
    '123.jpg',
    0
  ),(
    356,
    '3168905104',
    'e10adc3949ba59abbe56e057f20f883e',
    'Mike-hd123@qq.com',
    2,
    '3168905104',
    '123.jpg',
    0
  ),(
    357,
    '3168905105',
    'e10adc3949ba59abbe56e057f20f883e',
    'Mike-hd123@qq.com',
    2,
    '3168905105',
    '123.jpg',
    0
  ),(
    358,
    '3168905106',
    'e10adc3949ba59abbe56e057f20f883e',
    'Mike-hd123@qq.com',
    2,
    '3168905106',
    '123.jpg',
    0
  ),(
    359,
    '3168905107',
    'e10adc3949ba59abbe56e057f20f883e',
    'Mike-hd123@qq.com',
    2,
    '3168905107',
    '123.jpg',
    0
  ),(
    360,
    '3168905108',
    'e10adc3949ba59abbe56e057f20f883e',
    'Mike-hd123@qq.com',
    2,
    '3168905108',
    '123.jpg',
    0
  ),(
    361,
    '3168905109',
    'e10adc3949ba59abbe56e057f20f883e',
    'Mike-hd123@qq.com',
    2,
    '3168905109',
    '123.jpg',
    0
  ),(
    362,
    '3168905110',
    'e10adc3949ba59abbe56e057f20f883e',
    'Mike-hd123@qq.com',
    2,
    '3168905110',
    '123.jpg',
    0
  ),(
    363,
    '3168905111',
    'e10adc3949ba59abbe56e057f20f883e',
    'Mike-hd123@qq.com',
    2,
    '3168905111',
    '123.jpg',
    0
  ),(
    364,
    '3168905112',
    'e10adc3949ba59abbe56e057f20f883e',
    'Mike-hd123@qq.com',
    2,
    '3168905112',
    '123.jpg',
    0
  ),(
    365,
    '3168905113',
    'e10adc3949ba59abbe56e057f20f883e',
    'Mike-hd123@qq.com',
    2,
    '3168905113',
    '123.jpg',
    0
  ),(
    366,
    '3168905114',
    'e10adc3949ba59abbe56e057f20f883e',
    'Mike-hd123@qq.com',
    2,
    '3168905114',
    '123.jpg',
    0
  ),(
    367,
    '3168905115',
    'e10adc3949ba59abbe56e057f20f883e',
    'Mike-hd123@qq.com',
    2,
    '3168905115',
    '123.jpg',
    0
  ),(
    368,
    '3168905116',
    'e10adc3949ba59abbe56e057f20f883e',
    'Mike-hd123@qq.com',
    2,
    '3168905116',
    '123.jpg',
    0
  ),(
    369,
    '3168905117',
    'e10adc3949ba59abbe56e057f20f883e',
    'Mike-hd123@qq.com',
    2,
    '3168905117',
    '123.jpg',
    0
  ),(
    370,
    '3168905118',
    'e10adc3949ba59abbe56e057f20f883e',
    'Mike-hd123@qq.com',
    2,
    '3168905118',
    '123.jpg',
    0
  ),(
    371,
    '3168905119',
    'e10adc3949ba59abbe56e057f20f883e',
    'Mike-hd123@qq.com',
    2,
    '3168905119',
    '123.jpg',
    0
  ),(
    372,
    '3168905120',
    'e10adc3949ba59abbe56e057f20f883e',
    'Mike-hd123@qq.com',
    2,
    '3168905120',
    '123.jpg',
    0
  ),(
    373,
    '3168905121',
    'e10adc3949ba59abbe56e057f20f883e',
    'Mike-hd123@qq.com',
    2,
    '3168905121',
    '123.jpg',
    0
  ),(
    374,
    '3168905122',
    'e10adc3949ba59abbe56e057f20f883e',
    'Mike-hd123@qq.com',
    2,
    '3168905122',
    '123.jpg',
    0
  ),(
    375,
    '3168905123',
    'e10adc3949ba59abbe56e057f20f883e',
    'Mike-hd123@qq.com',
    2,
    '3168905123',
    '123.jpg',
    0
  ),(
    376,
    '3168905124',
    'e10adc3949ba59abbe56e057f20f883e',
    'Mike-hd123@qq.com',
    2,
    '3168905124',
    '123.jpg',
    0
  ),(
    377,
    '3168905125',
    'e10adc3949ba59abbe56e057f20f883e',
    'Mike-hd123@qq.com',
    2,
    '3168905125',
    '123.jpg',
    0
  ),(
    378,
    '3168905126',
    'e10adc3949ba59abbe56e057f20f883e',
    'Mike-hd123@qq.com',
    2,
    '3168905126',
    '123.jpg',
    0
  ),(
    379,
    '3168905127',
    'e10adc3949ba59abbe56e057f20f883e',
    'Mike-hd123@qq.com',
    2,
    '3168905127',
    '123.jpg',
    0
  ),(
    380,
    '3168905128',
    'e10adc3949ba59abbe56e057f20f883e',
    'Mike-hd123@qq.com',
    2,
    '3168905128',
    '123.jpg',
    0
  ),(
    381,
    '3168905129',
    'e10adc3949ba59abbe56e057f20f883e',
    'Mike-hd123@qq.com',
    2,
    '3168905129',
    '123.jpg',
    0
  ),(
    382,
    '3168905130',
    'e10adc3949ba59abbe56e057f20f883e',
    'Mike-hd123@qq.com',
    2,
    '3168905130',
    '123.jpg',
    0
  ),(
    383,
    '3168906101',
    'e10adc3949ba59abbe56e057f20f883e',
    'Mike-hd123@qq.com',
    2,
    '3168906101',
    '123.jpg',
    0
  ),(
    384,
    '3168906102',
    'e10adc3949ba59abbe56e057f20f883e',
    'Mike-hd123@qq.com',
    2,
    '3168906102',
    '123.jpg',
    0
  ),(
    385,
    '3168906103',
    'e10adc3949ba59abbe56e057f20f883e',
    'Mike-hd123@qq.com',
    2,
    '3168906103',
    '123.jpg',
    0
  ),(
    386,
    '3168906104',
    'e10adc3949ba59abbe56e057f20f883e',
    'Mike-hd123@qq.com',
    2,
    '3168906104',
    '123.jpg',
    0
  ),(
    387,
    '3168906105',
    'e10adc3949ba59abbe56e057f20f883e',
    'Mike-hd123@qq.com',
    2,
    '3168906105',
    '123.jpg',
    0
  ),(
    388,
    '3168906106',
    'e10adc3949ba59abbe56e057f20f883e',
    'Mike-hd123@qq.com',
    2,
    '3168906106',
    '123.jpg',
    0
  ),(
    389,
    '3168906107',
    'e10adc3949ba59abbe56e057f20f883e',
    'Mike-hd123@qq.com',
    2,
    '3168906107',
    '123.jpg',
    0
  ),(
    390,
    '3168906108',
    'e10adc3949ba59abbe56e057f20f883e',
    'Mike-hd123@qq.com',
    2,
    '3168906108',
    '123.jpg',
    0
  ),(
    391,
    '3168906109',
    'e10adc3949ba59abbe56e057f20f883e',
    'Mike-hd123@qq.com',
    2,
    '3168906109',
    '123.jpg',
    0
  ),(
    392,
    '3168906110',
    'e10adc3949ba59abbe56e057f20f883e',
    'Mike-hd123@qq.com',
    2,
    '3168906110',
    '123.jpg',
    0
  ),(
    393,
    '3168906111',
    'e10adc3949ba59abbe56e057f20f883e',
    'Mike-hd123@qq.com',
    2,
    '3168906111',
    '123.jpg',
    0
  ),(
    394,
    '3168906112',
    'e10adc3949ba59abbe56e057f20f883e',
    'Mike-hd123@qq.com',
    2,
    '3168906112',
    '123.jpg',
    0
  ),(
    395,
    '3168906113',
    'e10adc3949ba59abbe56e057f20f883e',
    'Mike-hd123@qq.com',
    2,
    '3168906113',
    '123.jpg',
    0
  ),(
    396,
    '3168906114',
    'e10adc3949ba59abbe56e057f20f883e',
    'Mike-hd123@qq.com',
    2,
    '3168906114',
    '123.jpg',
    0
  ),(
    397,
    '3168906115',
    'e10adc3949ba59abbe56e057f20f883e',
    'Mike-hd123@qq.com',
    2,
    '3168906115',
    '123.jpg',
    0
  ),(
    398,
    '3168906116',
    'e10adc3949ba59abbe56e057f20f883e',
    'Mike-hd123@qq.com',
    2,
    '3168906116',
    '123.jpg',
    0
  ),(
    399,
    '3168906117',
    'e10adc3949ba59abbe56e057f20f883e',
    'Mike-hd123@qq.com',
    2,
    '3168906117',
    '123.jpg',
    0
  ),(
    400,
    '3168906118',
    'e10adc3949ba59abbe56e057f20f883e',
    'Mike-hd123@qq.com',
    2,
    '3168906118',
    '123.jpg',
    0
  ),(
    401,
    '3168906119',
    'e10adc3949ba59abbe56e057f20f883e',
    'Mike-hd123@qq.com',
    2,
    '3168906119',
    '123.jpg',
    0
  ),(
    402,
    '3168906120',
    'e10adc3949ba59abbe56e057f20f883e',
    'Mike-hd123@qq.com',
    2,
    '3168906120',
    '123.jpg',
    0
  ),(
    403,
    '3168906121',
    'e10adc3949ba59abbe56e057f20f883e',
    'Mike-hd123@qq.com',
    2,
    '3168906121',
    '123.jpg',
    0
  ),(
    404,
    '3168906122',
    'e10adc3949ba59abbe56e057f20f883e',
    'Mike-hd123@qq.com',
    2,
    '3168906122',
    '123.jpg',
    0
  ),(
    405,
    '3168906123',
    'e10adc3949ba59abbe56e057f20f883e',
    'Mike-hd123@qq.com',
    2,
    '3168906123',
    '123.jpg',
    0
  ),(
    406,
    '3168906124',
    'e10adc3949ba59abbe56e057f20f883e',
    'Mike-hd123@qq.com',
    2,
    '3168906124',
    '123.jpg',
    0
  ),(
    407,
    '3168906125',
    'e10adc3949ba59abbe56e057f20f883e',
    'Mike-hd123@qq.com',
    2,
    '3168906125',
    '123.jpg',
    0
  ),(
    408,
    '3168906126',
    'e10adc3949ba59abbe56e057f20f883e',
    'Mike-hd123@qq.com',
    2,
    '3168906126',
    '123.jpg',
    0
  ),(
    409,
    '3168906127',
    'e10adc3949ba59abbe56e057f20f883e',
    'Mike-hd123@qq.com',
    2,
    '3168906127',
    '123.jpg',
    0
  ),(
    410,
    '3168906128',
    'e10adc3949ba59abbe56e057f20f883e',
    'Mike-hd123@qq.com',
    2,
    '3168906128',
    '123.jpg',
    0
  ),(
    411,
    '3168906129',
    'e10adc3949ba59abbe56e057f20f883e',
    'Mike-hd123@qq.com',
    2,
    '3168906129',
    '123.jpg',
    0
  ),(
    412,
    '3168906130',
    'e10adc3949ba59abbe56e057f20f883e',
    'Mike-hd123@qq.com',
    2,
    '3168906130',
    '123.jpg',
    0
  ),(
    413,
    '3168906131',
    'e10adc3949ba59abbe56e057f20f883e',
    'Mike-hd123@qq.com',
    2,
    '3168906131',
    '123.jpg',
    0
  ),(
    414,
    '3168906132',
    'e10adc3949ba59abbe56e057f20f883e',
    'Mike-hd123@qq.com',
    2,
    '3168906132',
    '123.jpg',
    0
  ),(
    415,
    '3168906133',
    'e10adc3949ba59abbe56e057f20f883e',
    'Mike-hd123@qq.com',
    2,
    '3168906133',
    '123.jpg',
    0
  ),(
    416,
    '3168906134',
    'e10adc3949ba59abbe56e057f20f883e',
    'Mike-hd123@qq.com',
    2,
    '3168906134',
    '123.jpg',
    0
  ),(
    417,
    '3168906135',
    'e10adc3949ba59abbe56e057f20f883e',
    'Mike-hd123@qq.com',
    2,
    '3168906135',
    '123.jpg',
    0
  ),(
    418,
    '3168906136',
    'e10adc3949ba59abbe56e057f20f883e',
    'Mike-hd123@qq.com',
    2,
    '3168906136',
    '123.jpg',
    0
  ),(
    419,
    '3168906137',
    'e10adc3949ba59abbe56e057f20f883e',
    'Mike-hd123@qq.com',
    2,
    '3168906137',
    '123.jpg',
    0
  ),(
    420,
    '3168906138',
    'e10adc3949ba59abbe56e057f20f883e',
    'Mike-hd123@qq.com',
    2,
    '3168906138',
    '123.jpg',
    0
  ),(
    421,
    '3168906139',
    'e10adc3949ba59abbe56e057f20f883e',
    'Mike-hd123@qq.com',
    2,
    '3168906139',
    '123.jpg',
    0
  ),(
    422,
    '3168906140',
    'e10adc3949ba59abbe56e057f20f883e',
    'Mike-hd123@qq.com',
    2,
    '3168906140',
    '123.jpg',
    0
  ),(
    423,
    '3168906141',
    'e10adc3949ba59abbe56e057f20f883e',
    'Mike-hd123@qq.com',
    2,
    '3168906141',
    '123.jpg',
    0
  ),(
    424,
    '3168906142',
    'e10adc3949ba59abbe56e057f20f883e',
    'Mike-hd123@qq.com',
    2,
    '3168906142',
    '123.jpg',
    0
  ),(
    425,
    '3168906143',
    'e10adc3949ba59abbe56e057f20f883e',
    'Mike-hd123@qq.com',
    2,
    '3168906143',
    '123.jpg',
    0
  ),(
    426,
    '3168906144',
    'e10adc3949ba59abbe56e057f20f883e',
    'Mike-hd123@qq.com',
    2,
    '3168906144',
    '123.jpg',
    0
  ),(
    427,
    '3168906145',
    'e10adc3949ba59abbe56e057f20f883e',
    'Mike-hd123@qq.com',
    2,
    '3168906145',
    '123.jpg',
    0
  ),(
    428,
    '3168906146',
    'e10adc3949ba59abbe56e057f20f883e',
    'Mike-hd123@qq.com',
    2,
    '3168906146',
    '123.jpg',
    0
  ),(
    429,
    '3168906147',
    'e10adc3949ba59abbe56e057f20f883e',
    'Mike-hd123@qq.com',
    2,
    '3168906147',
    '123.jpg',
    0
  ),(
    430,
    '3168906148',
    'e10adc3949ba59abbe56e057f20f883e',
    'Mike-hd123@qq.com',
    2,
    '3168906148',
    '123.jpg',
    0
  ),(
    431,
    '3168906149',
    'e10adc3949ba59abbe56e057f20f883e',
    'Mike-hd123@qq.com',
    2,
    '3168906149',
    '123.jpg',
    0
  ),(
    432,
    '3168906150',
    'e10adc3949ba59abbe56e057f20f883e',
    'Mike-hd123@qq.com',
    2,
    '3168906150',
    '123.jpg',
    0
  ),(
    433,
    '3168906201',
    'e10adc3949ba59abbe56e057f20f883e',
    'Mike-hd123@qq.com',
    2,
    '3168906201',
    '123.jpg',
    0
  ),(
    434,
    '3168906202',
    'e10adc3949ba59abbe56e057f20f883e',
    'Mike-hd123@qq.com',
    2,
    '3168906202',
    '123.jpg',
    0
  ),(
    435,
    '3168906203',
    'e10adc3949ba59abbe56e057f20f883e',
    'Mike-hd123@qq.com',
    2,
    '3168906203',
    '123.jpg',
    0
  ),(
    436,
    '3168906204',
    'e10adc3949ba59abbe56e057f20f883e',
    'Mike-hd123@qq.com',
    2,
    '3168906204',
    '123.jpg',
    0
  ),(
    437,
    '3168906205',
    'e10adc3949ba59abbe56e057f20f883e',
    'Mike-hd123@qq.com',
    2,
    '3168906205',
    '123.jpg',
    0
  ),(
    438,
    '3168906206',
    'e10adc3949ba59abbe56e057f20f883e',
    'Mike-hd123@qq.com',
    2,
    '3168906206',
    '123.jpg',
    0
  ),(
    439,
    '3168906207',
    'e10adc3949ba59abbe56e057f20f883e',
    'Mike-hd123@qq.com',
    2,
    '3168906207',
    '123.jpg',
    0
  ),(
    440,
    '3168906208',
    'e10adc3949ba59abbe56e057f20f883e',
    'Mike-hd123@qq.com',
    2,
    '3168906208',
    '123.jpg',
    0
  ),(
    441,
    '3168906209',
    'e10adc3949ba59abbe56e057f20f883e',
    'Mike-hd123@qq.com',
    2,
    '3168906209',
    '123.jpg',
    0
  ),(
    442,
    '3168906210',
    'e10adc3949ba59abbe56e057f20f883e',
    'Mike-hd123@qq.com',
    2,
    '3168906210',
    '123.jpg',
    0
  ),(
    443,
    '3168906211',
    'e10adc3949ba59abbe56e057f20f883e',
    'Mike-hd123@qq.com',
    2,
    '3168906211',
    '123.jpg',
    0
  ),(
    444,
    '3168906212',
    'e10adc3949ba59abbe56e057f20f883e',
    'Mike-hd123@qq.com',
    2,
    '3168906212',
    '123.jpg',
    0
  ),(
    445,
    '3168906213',
    'e10adc3949ba59abbe56e057f20f883e',
    'Mike-hd123@qq.com',
    2,
    '3168906213',
    '123.jpg',
    0
  ),(
    446,
    '3168906214',
    'e10adc3949ba59abbe56e057f20f883e',
    'Mike-hd123@qq.com',
    2,
    '3168906214',
    '123.jpg',
    0
  ),(
    447,
    '3168906215',
    'e10adc3949ba59abbe56e057f20f883e',
    'Mike-hd123@qq.com',
    2,
    '3168906215',
    '123.jpg',
    0
  ),(
    448,
    '3168906216',
    'e10adc3949ba59abbe56e057f20f883e',
    'Mike-hd123@qq.com',
    2,
    '3168906216',
    '123.jpg',
    0
  ),(
    449,
    '3168906217',
    'e10adc3949ba59abbe56e057f20f883e',
    'Mike-hd123@qq.com',
    2,
    '3168906217',
    '123.jpg',
    0
  ),(
    450,
    '3168906218',
    'e10adc3949ba59abbe56e057f20f883e',
    'Mike-hd123@qq.com',
    2,
    '3168906218',
    '123.jpg',
    0
  ),(
    451,
    '3168906219',
    'e10adc3949ba59abbe56e057f20f883e',
    'Mike-hd123@qq.com',
    2,
    '3168906219',
    '123.jpg',
    0
  ),(
    452,
    '3168906220',
    'e10adc3949ba59abbe56e057f20f883e',
    'Mike-hd123@qq.com',
    2,
    '3168906220',
    '123.jpg',
    0
  ),(
    453,
    '3168906221',
    'e10adc3949ba59abbe56e057f20f883e',
    'Mike-hd123@qq.com',
    2,
    '3168906221',
    '123.jpg',
    0
  ),(
    454,
    '3168906222',
    'e10adc3949ba59abbe56e057f20f883e',
    'Mike-hd123@qq.com',
    2,
    '3168906222',
    '123.jpg',
    0
  ),(
    455,
    '3168906223',
    'e10adc3949ba59abbe56e057f20f883e',
    'Mike-hd123@qq.com',
    2,
    '3168906223',
    '123.jpg',
    0
  ),(
    456,
    '3168906224',
    'e10adc3949ba59abbe56e057f20f883e',
    'Mike-hd123@qq.com',
    2,
    '3168906224',
    '123.jpg',
    0
  ),(
    457,
    '3168906225',
    'e10adc3949ba59abbe56e057f20f883e',
    'Mike-hd123@qq.com',
    2,
    '3168906225',
    '123.jpg',
    0
  ),(
    458,
    '3168906226',
    'e10adc3949ba59abbe56e057f20f883e',
    'Mike-hd123@qq.com',
    2,
    '3168906226',
    '123.jpg',
    0
  ),(
    459,
    '3168906227',
    'e10adc3949ba59abbe56e057f20f883e',
    'Mike-hd123@qq.com',
    2,
    '3168906227',
    '123.jpg',
    0
  ),(
    460,
    '3168906228',
    'e10adc3949ba59abbe56e057f20f883e',
    'Mike-hd123@qq.com',
    2,
    '3168906228',
    '123.jpg',
    0
  ),(
    461,
    '3168906229',
    'e10adc3949ba59abbe56e057f20f883e',
    'Mike-hd123@qq.com',
    2,
    '3168906229',
    '123.jpg',
    0
  ),(
    462,
    '3168906230',
    'e10adc3949ba59abbe56e057f20f883e',
    'Mike-hd123@qq.com',
    2,
    '3168906230',
    '123.jpg',
    0
  ),(
    463,
    '3168906231',
    'e10adc3949ba59abbe56e057f20f883e',
    'Mike-hd123@qq.com',
    2,
    '3168906231',
    '123.jpg',
    0
  ),(
    464,
    '3168906232',
    'e10adc3949ba59abbe56e057f20f883e',
    'Mike-hd123@qq.com',
    2,
    '3168906232',
    '123.jpg',
    0
  ),(
    465,
    '3168906233',
    'e10adc3949ba59abbe56e057f20f883e',
    'Mike-hd123@qq.com',
    2,
    '3168906233',
    '123.jpg',
    0
  ),(
    466,
    '3168906234',
    'e10adc3949ba59abbe56e057f20f883e',
    'Mike-hd123@qq.com',
    2,
    '3168906234',
    '123.jpg',
    0
  ),(
    467,
    '3168906235',
    'e10adc3949ba59abbe56e057f20f883e',
    'Mike-hd123@qq.com',
    2,
    '3168906235',
    '123.jpg',
    0
  ),(
    468,
    '3168906236',
    'e10adc3949ba59abbe56e057f20f883e',
    'Mike-hd123@qq.com',
    2,
    '3168906236',
    '123.jpg',
    0
  ),(
    469,
    '3168906237',
    'e10adc3949ba59abbe56e057f20f883e',
    'Mike-hd123@qq.com',
    2,
    '3168906237',
    '123.jpg',
    0
  ),(
    470,
    '3168906238',
    'e10adc3949ba59abbe56e057f20f883e',
    'Mike-hd123@qq.com',
    2,
    '3168906238',
    '123.jpg',
    0
  ),(
    471,
    '3168906239',
    'e10adc3949ba59abbe56e057f20f883e',
    'Mike-hd123@qq.com',
    2,
    '3168906239',
    '123.jpg',
    0
  ),(
    472,
    '3168906240',
    'e10adc3949ba59abbe56e057f20f883e',
    'Mike-hd123@qq.com',
    2,
    '3168906240',
    '123.jpg',
    0
  ),(
    473,
    '3168906301',
    'e10adc3949ba59abbe56e057f20f883e',
    'Mike-hd123@qq.com',
    2,
    '3168906301',
    '123.jpg',
    0
  ),(
    474,
    '3168906302',
    'e10adc3949ba59abbe56e057f20f883e',
    'Mike-hd123@qq.com',
    2,
    '3168906302',
    '123.jpg',
    0
  ),(
    475,
    '3168906303',
    'e10adc3949ba59abbe56e057f20f883e',
    'Mike-hd123@qq.com',
    2,
    '3168906303',
    '123.jpg',
    0
  ),(
    476,
    '3168906304',
    'e10adc3949ba59abbe56e057f20f883e',
    'Mike-hd123@qq.com',
    2,
    '3168906304',
    '123.jpg',
    0
  ),(
    477,
    '3168906305',
    'e10adc3949ba59abbe56e057f20f883e',
    'Mike-hd123@qq.com',
    2,
    '3168906305',
    '123.jpg',
    0
  ),(
    478,
    '3168906306',
    'e10adc3949ba59abbe56e057f20f883e',
    'Mike-hd123@qq.com',
    2,
    '3168906306',
    '123.jpg',
    0
  ),(
    479,
    '3168906307',
    'e10adc3949ba59abbe56e057f20f883e',
    'Mike-hd123@qq.com',
    2,
    '3168906307',
    '123.jpg',
    0
  ),(
    480,
    '3168906308',
    'e10adc3949ba59abbe56e057f20f883e',
    'Mike-hd123@qq.com',
    2,
    '3168906308',
    '123.jpg',
    0
  ),(
    481,
    '3168906309',
    'e10adc3949ba59abbe56e057f20f883e',
    'Mike-hd123@qq.com',
    2,
    '3168906309',
    '123.jpg',
    0
  ),(
    482,
    '3168906310',
    'e10adc3949ba59abbe56e057f20f883e',
    'Mike-hd123@qq.com',
    2,
    '3168906310',
    '123.jpg',
    0
  ),(
    483,
    '3168906311',
    'e10adc3949ba59abbe56e057f20f883e',
    'Mike-hd123@qq.com',
    2,
    '3168906311',
    '123.jpg',
    0
  ),(
    484,
    '3168906312',
    'e10adc3949ba59abbe56e057f20f883e',
    'Mike-hd123@qq.com',
    2,
    '3168906312',
    '123.jpg',
    0
  ),(
    485,
    '3168906313',
    'e10adc3949ba59abbe56e057f20f883e',
    'Mike-hd123@qq.com',
    2,
    '3168906313',
    '123.jpg',
    0
  ),(
    486,
    '3168906314',
    'e10adc3949ba59abbe56e057f20f883e',
    'Mike-hd123@qq.com',
    2,
    '3168906314',
    '123.jpg',
    0
  ),(
    487,
    '3168906315',
    'e10adc3949ba59abbe56e057f20f883e',
    'Mike-hd123@qq.com',
    2,
    '3168906315',
    '123.jpg',
    0
  ),(
    488,
    '3168906316',
    'e10adc3949ba59abbe56e057f20f883e',
    'Mike-hd123@qq.com',
    2,
    '3168906316',
    '123.jpg',
    0
  ),(
    489,
    '3168906317',
    'e10adc3949ba59abbe56e057f20f883e',
    'Mike-hd123@qq.com',
    2,
    '3168906317',
    '123.jpg',
    0
  ),(
    490,
    '3168906318',
    'e10adc3949ba59abbe56e057f20f883e',
    'Mike-hd123@qq.com',
    2,
    '3168906318',
    '123.jpg',
    0
  ),(
    491,
    '3168906319',
    'e10adc3949ba59abbe56e057f20f883e',
    'Mike-hd123@qq.com',
    2,
    '3168906319',
    '123.jpg',
    0
  ),(
    492,
    '3168906320',
    'e10adc3949ba59abbe56e057f20f883e',
    'Mike-hd123@qq.com',
    2,
    '3168906320',
    '123.jpg',
    0
  ),(
    493,
    '3168906321',
    'e10adc3949ba59abbe56e057f20f883e',
    'Mike-hd123@qq.com',
    2,
    '3168906321',
    '123.jpg',
    0
  ),(
    494,
    '3168906322',
    'e10adc3949ba59abbe56e057f20f883e',
    'Mike-hd123@qq.com',
    2,
    '3168906322',
    '123.jpg',
    0
  ),(
    495,
    '3168906323',
    'e10adc3949ba59abbe56e057f20f883e',
    'Mike-hd123@qq.com',
    2,
    '3168906323',
    '123.jpg',
    0
  ),(
    496,
    '3168906324',
    'e10adc3949ba59abbe56e057f20f883e',
    'Mike-hd123@qq.com',
    2,
    '3168906324',
    '123.jpg',
    0
  ),(
    497,
    '3168906325',
    'e10adc3949ba59abbe56e057f20f883e',
    'Mike-hd123@qq.com',
    2,
    '3168906325',
    '123.jpg',
    0
  ),(
    498,
    '3168906326',
    'e10adc3949ba59abbe56e057f20f883e',
    'Mike-hd123@qq.com',
    2,
    '3168906326',
    '123.jpg',
    0
  ),(
    499,
    '3168906327',
    'e10adc3949ba59abbe56e057f20f883e',
    'Mike-hd123@qq.com',
    2,
    '3168906327',
    '123.jpg',
    0
  ),(
    500,
    '3168906328',
    'e10adc3949ba59abbe56e057f20f883e',
    'Mike-hd123@qq.com',
    2,
    '3168906328',
    '123.jpg',
    0
  ),(
    501,
    '3168906329',
    'e10adc3949ba59abbe56e057f20f883e',
    'Mike-hd123@qq.com',
    2,
    '3168906329',
    '123.jpg',
    0
  ),(
    502,
    '3168906330',
    'e10adc3949ba59abbe56e057f20f883e',
    'Mike-hd123@qq.com',
    2,
    '3168906330',
    '123.jpg',
    0
  ),(
    503,
    '3168906331',
    'e10adc3949ba59abbe56e057f20f883e',
    'Mike-hd123@qq.com',
    2,
    '3168906331',
    '123.jpg',
    0
  ),(
    504,
    '3168906332',
    'e10adc3949ba59abbe56e057f20f883e',
    'Mike-hd123@qq.com',
    2,
    '3168906332',
    '123.jpg',
    0
  ),(
    505,
    '3168906333',
    'e10adc3949ba59abbe56e057f20f883e',
    'Mike-hd123@qq.com',
    2,
    '3168906333',
    '123.jpg',
    0
  ),(
    506,
    '3168906334',
    'e10adc3949ba59abbe56e057f20f883e',
    'Mike-hd123@qq.com',
    2,
    '3168906334',
    '123.jpg',
    0
  ),(
    507,
    '3168906335',
    'e10adc3949ba59abbe56e057f20f883e',
    'Mike-hd123@qq.com',
    2,
    '3168906335',
    '123.jpg',
    0
  ),(
    508,
    '3168906336',
    'e10adc3949ba59abbe56e057f20f883e',
    'Mike-hd123@qq.com',
    2,
    '3168906336',
    '123.jpg',
    0
  ),(
    509,
    '3168906337',
    'e10adc3949ba59abbe56e057f20f883e',
    'Mike-hd123@qq.com',
    2,
    '3168906337',
    '123.jpg',
    0
  ),(
    510,
    '3168906338',
    'e10adc3949ba59abbe56e057f20f883e',
    'Mike-hd123@qq.com',
    2,
    '3168906338',
    '123.jpg',
    0
  ),(
    511,
    '3168906339',
    'e10adc3949ba59abbe56e057f20f883e',
    'Mike-hd123@qq.com',
    2,
    '3168906339',
    '123.jpg',
    0
  ),(
    512,
    '3168906340',
    'e10adc3949ba59abbe56e057f20f883e',
    'Mike-hd123@qq.com',
    2,
    '3168906340',
    '123.jpg',
    0
  ),(
    513,
    '3168907101',
    'e10adc3949ba59abbe56e057f20f883e',
    'Mike-hd123@qq.com',
    2,
    '3168907101',
    '123.jpg',
    0
  ),(
    514,
    '3168907102',
    'e10adc3949ba59abbe56e057f20f883e',
    'Mike-hd123@qq.com',
    2,
    '3168907102',
    '123.jpg',
    0
  ),(
    515,
    '3168907103',
    'e10adc3949ba59abbe56e057f20f883e',
    'Mike-hd123@qq.com',
    2,
    '3168907103',
    '123.jpg',
    0
  ),(
    516,
    '3168907104',
    'e10adc3949ba59abbe56e057f20f883e',
    'Mike-hd123@qq.com',
    2,
    '3168907104',
    '123.jpg',
    0
  ),(
    517,
    '3168907105',
    'e10adc3949ba59abbe56e057f20f883e',
    'Mike-hd123@qq.com',
    2,
    '3168907105',
    '123.jpg',
    0
  ),(
    518,
    '3168907106',
    'e10adc3949ba59abbe56e057f20f883e',
    'Mike-hd123@qq.com',
    2,
    '3168907106',
    '123.jpg',
    0
  ),(
    519,
    '3168907107',
    'e10adc3949ba59abbe56e057f20f883e',
    'Mike-hd123@qq.com',
    2,
    '3168907107',
    '123.jpg',
    0
  ),(
    520,
    '3168907108',
    'e10adc3949ba59abbe56e057f20f883e',
    'Mike-hd123@qq.com',
    2,
    '3168907108',
    '123.jpg',
    0
  ),(
    521,
    '3168907109',
    'e10adc3949ba59abbe56e057f20f883e',
    'Mike-hd123@qq.com',
    2,
    '3168907109',
    '123.jpg',
    0
  ),(
    522,
    '3168907110',
    'e10adc3949ba59abbe56e057f20f883e',
    'Mike-hd123@qq.com',
    2,
    '3168907110',
    '123.jpg',
    0
  ),(
    523,
    '3168907111',
    'e10adc3949ba59abbe56e057f20f883e',
    'Mike-hd123@qq.com',
    2,
    '3168907111',
    '123.jpg',
    0
  ),(
    524,
    '3168907112',
    'e10adc3949ba59abbe56e057f20f883e',
    'Mike-hd123@qq.com',
    2,
    '3168907112',
    '123.jpg',
    0
  ),(
    525,
    '3168907113',
    'e10adc3949ba59abbe56e057f20f883e',
    'Mike-hd123@qq.com',
    2,
    '3168907113',
    '123.jpg',
    0
  ),(
    526,
    '3168907114',
    'e10adc3949ba59abbe56e057f20f883e',
    'Mike-hd123@qq.com',
    2,
    '3168907114',
    '123.jpg',
    0
  ),(
    527,
    '3168907115',
    'e10adc3949ba59abbe56e057f20f883e',
    'Mike-hd123@qq.com',
    2,
    '3168907115',
    '123.jpg',
    0
  ),(
    528,
    '3168907116',
    'e10adc3949ba59abbe56e057f20f883e',
    'Mike-hd123@qq.com',
    2,
    '3168907116',
    '123.jpg',
    0
  ),(
    529,
    '3168907117',
    'e10adc3949ba59abbe56e057f20f883e',
    'Mike-hd123@qq.com',
    2,
    '3168907117',
    '123.jpg',
    0
  ),(
    530,
    '3168907118',
    'e10adc3949ba59abbe56e057f20f883e',
    'Mike-hd123@qq.com',
    2,
    '3168907118',
    '123.jpg',
    0
  ),(
    531,
    '3168907119',
    'e10adc3949ba59abbe56e057f20f883e',
    'Mike-hd123@qq.com',
    2,
    '3168907119',
    '123.jpg',
    0
  ),(
    532,
    '3168907120',
    'e10adc3949ba59abbe56e057f20f883e',
    'Mike-hd123@qq.com',
    2,
    '3168907120',
    '123.jpg',
    0
  ),(
    533,
    '3168907121',
    'e10adc3949ba59abbe56e057f20f883e',
    'Mike-hd123@qq.com',
    2,
    '3168907121',
    '123.jpg',
    0
  ),(
    534,
    '3168907122',
    'e10adc3949ba59abbe56e057f20f883e',
    'Mike-hd123@qq.com',
    2,
    '3168907122',
    '123.jpg',
    0
  ),(
    535,
    '3168907123',
    'e10adc3949ba59abbe56e057f20f883e',
    'Mike-hd123@qq.com',
    2,
    '3168907123',
    '123.jpg',
    0
  ),(
    536,
    '3168907124',
    'e10adc3949ba59abbe56e057f20f883e',
    'Mike-hd123@qq.com',
    2,
    '3168907124',
    '123.jpg',
    0
  ),(
    537,
    '3168907125',
    'e10adc3949ba59abbe56e057f20f883e',
    'Mike-hd123@qq.com',
    2,
    '3168907125',
    '123.jpg',
    0
  ),(
    538,
    '3168907126',
    'e10adc3949ba59abbe56e057f20f883e',
    'Mike-hd123@qq.com',
    2,
    '3168907126',
    '123.jpg',
    0
  ),(
    539,
    '3168907127',
    'e10adc3949ba59abbe56e057f20f883e',
    'Mike-hd123@qq.com',
    2,
    '3168907127',
    '123.jpg',
    0
  ),(
    540,
    '3168907128',
    'e10adc3949ba59abbe56e057f20f883e',
    'Mike-hd123@qq.com',
    2,
    '3168907128',
    '123.jpg',
    0
  ),(
    541,
    '3168907129',
    'e10adc3949ba59abbe56e057f20f883e',
    'Mike-hd123@qq.com',
    2,
    '3168907129',
    '123.jpg',
    0
  ),(
    542,
    '3168907130',
    'e10adc3949ba59abbe56e057f20f883e',
    'Mike-hd123@qq.com',
    2,
    '3168907130',
    '123.jpg',
    0
  ),(
    543,
    '3168907201',
    'e10adc3949ba59abbe56e057f20f883e',
    'Mike-hd123@qq.com',
    2,
    '3168907201',
    '123.jpg',
    0
  ),(
    544,
    '3168907202',
    'e10adc3949ba59abbe56e057f20f883e',
    'Mike-hd123@qq.com',
    2,
    '3168907202',
    '123.jpg',
    0
  ),(
    545,
    '3168907203',
    'e10adc3949ba59abbe56e057f20f883e',
    'Mike-hd123@qq.com',
    2,
    '3168907203',
    '123.jpg',
    0
  ),(
    546,
    '3168907204',
    'e10adc3949ba59abbe56e057f20f883e',
    'Mike-hd123@qq.com',
    2,
    '3168907204',
    '123.jpg',
    0
  ),(
    547,
    '3168907205',
    'e10adc3949ba59abbe56e057f20f883e',
    'Mike-hd123@qq.com',
    2,
    '3168907205',
    '123.jpg',
    0
  ),(
    548,
    '3168907206',
    'e10adc3949ba59abbe56e057f20f883e',
    'Mike-hd123@qq.com',
    2,
    '3168907206',
    '123.jpg',
    0
  ),(
    549,
    '3168907207',
    'e10adc3949ba59abbe56e057f20f883e',
    'Mike-hd123@qq.com',
    2,
    '3168907207',
    '123.jpg',
    0
  ),(
    550,
    '3168907208',
    'e10adc3949ba59abbe56e057f20f883e',
    'Mike-hd123@qq.com',
    2,
    '3168907208',
    '123.jpg',
    0
  ),(
    551,
    '3168907209',
    'e10adc3949ba59abbe56e057f20f883e',
    'Mike-hd123@qq.com',
    2,
    '3168907209',
    '123.jpg',
    0
  ),(
    552,
    '3168907210',
    'e10adc3949ba59abbe56e057f20f883e',
    'Mike-hd123@qq.com',
    2,
    '3168907210',
    '123.jpg',
    0
  ),(
    553,
    '3168907211',
    'e10adc3949ba59abbe56e057f20f883e',
    'Mike-hd123@qq.com',
    2,
    '3168907211',
    '123.jpg',
    0
  ),(
    554,
    '3168907212',
    'e10adc3949ba59abbe56e057f20f883e',
    'Mike-hd123@qq.com',
    2,
    '3168907212',
    '123.jpg',
    0
  ),(
    555,
    '3168907213',
    'e10adc3949ba59abbe56e057f20f883e',
    'Mike-hd123@qq.com',
    2,
    '3168907213',
    '123.jpg',
    0
  ),(
    556,
    '3168907214',
    'e10adc3949ba59abbe56e057f20f883e',
    'Mike-hd123@qq.com',
    2,
    '3168907214',
    '123.jpg',
    0
  ),(
    557,
    '3168907215',
    'e10adc3949ba59abbe56e057f20f883e',
    'Mike-hd123@qq.com',
    2,
    '3168907215',
    '123.jpg',
    0
  ),(
    558,
    '3168907216',
    'e10adc3949ba59abbe56e057f20f883e',
    'Mike-hd123@qq.com',
    2,
    '3168907216',
    '123.jpg',
    0
  ),(
    559,
    '3168907217',
    'e10adc3949ba59abbe56e057f20f883e',
    'Mike-hd123@qq.com',
    2,
    '3168907217',
    '123.jpg',
    0
  ),(
    560,
    '3168907218',
    'e10adc3949ba59abbe56e057f20f883e',
    'Mike-hd123@qq.com',
    2,
    '3168907218',
    '123.jpg',
    0
  ),(
    561,
    '3168907219',
    'e10adc3949ba59abbe56e057f20f883e',
    'Mike-hd123@qq.com',
    2,
    '3168907219',
    '123.jpg',
    0
  ),(
    562,
    '3168907220',
    'e10adc3949ba59abbe56e057f20f883e',
    'Mike-hd123@qq.com',
    2,
    '3168907220',
    '123.jpg',
    0
  ),(
    563,
    '3168907221',
    'e10adc3949ba59abbe56e057f20f883e',
    'Mike-hd123@qq.com',
    2,
    '3168907221',
    '123.jpg',
    0
  ),(
    564,
    '3168907222',
    'e10adc3949ba59abbe56e057f20f883e',
    'Mike-hd123@qq.com',
    2,
    '3168907222',
    '123.jpg',
    0
  ),(
    565,
    '3168907223',
    'e10adc3949ba59abbe56e057f20f883e',
    'Mike-hd123@qq.com',
    2,
    '3168907223',
    '123.jpg',
    0
  ),(
    566,
    '3168907224',
    'e10adc3949ba59abbe56e057f20f883e',
    'Mike-hd123@qq.com',
    2,
    '3168907224',
    '123.jpg',
    0
  ),(
    567,
    '3168907225',
    'e10adc3949ba59abbe56e057f20f883e',
    'Mike-hd123@qq.com',
    2,
    '3168907225',
    '123.jpg',
    0
  ),(
    568,
    '3168907226',
    'e10adc3949ba59abbe56e057f20f883e',
    'Mike-hd123@qq.com',
    2,
    '3168907226',
    '123.jpg',
    0
  ),(
    569,
    '3168907227',
    'e10adc3949ba59abbe56e057f20f883e',
    'Mike-hd123@qq.com',
    2,
    '3168907227',
    '123.jpg',
    0
  ),(
    570,
    '3168907228',
    'e10adc3949ba59abbe56e057f20f883e',
    'Mike-hd123@qq.com',
    2,
    '3168907228',
    '123.jpg',
    0
  ),(
    571,
    '3168907229',
    'e10adc3949ba59abbe56e057f20f883e',
    'Mike-hd123@qq.com',
    2,
    '3168907229',
    '123.jpg',
    0
  ),(
    572,
    '3168907230',
    'e10adc3949ba59abbe56e057f20f883e',
    'Mike-hd123@qq.com',
    2,
    '3168907230',
    '123.jpg',
    0
  ),(
    573,
    '3168908101',
    'e10adc3949ba59abbe56e057f20f883e',
    'Mike-hd123@qq.com',
    2,
    '3168908101',
    '123.jpg',
    0
  ),(
    574,
    '3168908102',
    'e10adc3949ba59abbe56e057f20f883e',
    'Mike-hd123@qq.com',
    2,
    '3168908102',
    '123.jpg',
    0
  ),(
    575,
    '3168908103',
    'e10adc3949ba59abbe56e057f20f883e',
    'Mike-hd123@qq.com',
    2,
    '3168908103',
    '123.jpg',
    0
  ),(
    576,
    '3168908104',
    'e10adc3949ba59abbe56e057f20f883e',
    'Mike-hd123@qq.com',
    2,
    '3168908104',
    '123.jpg',
    0
  ),(
    577,
    '3168908105',
    'e10adc3949ba59abbe56e057f20f883e',
    'Mike-hd123@qq.com',
    2,
    '3168908105',
    '123.jpg',
    0
  ),(
    578,
    '3168908106',
    'e10adc3949ba59abbe56e057f20f883e',
    'Mike-hd123@qq.com',
    2,
    '3168908106',
    '123.jpg',
    0
  ),(
    579,
    '3168908107',
    'e10adc3949ba59abbe56e057f20f883e',
    'Mike-hd123@qq.com',
    2,
    '3168908107',
    '123.jpg',
    0
  ),(
    580,
    '3168908108',
    'e10adc3949ba59abbe56e057f20f883e',
    'Mike-hd123@qq.com',
    2,
    '3168908108',
    '123.jpg',
    0
  ),(
    581,
    '3168908109',
    'e10adc3949ba59abbe56e057f20f883e',
    'Mike-hd123@qq.com',
    2,
    '3168908109',
    '123.jpg',
    0
  ),(
    582,
    '3168908110',
    'e10adc3949ba59abbe56e057f20f883e',
    'Mike-hd123@qq.com',
    2,
    '3168908110',
    '123.jpg',
    0
  ),(
    583,
    '3168908111',
    'e10adc3949ba59abbe56e057f20f883e',
    'Mike-hd123@qq.com',
    2,
    '3168908111',
    '123.jpg',
    0
  ),(
    584,
    '3168908112',
    'e10adc3949ba59abbe56e057f20f883e',
    'Mike-hd123@qq.com',
    2,
    '3168908112',
    '123.jpg',
    0
  ),(
    585,
    '3168908113',
    'e10adc3949ba59abbe56e057f20f883e',
    'Mike-hd123@qq.com',
    2,
    '3168908113',
    '123.jpg',
    0
  ),(
    586,
    '3168908114',
    'e10adc3949ba59abbe56e057f20f883e',
    'Mike-hd123@qq.com',
    2,
    '3168908114',
    '123.jpg',
    0
  ),(
    587,
    '3168908115',
    'e10adc3949ba59abbe56e057f20f883e',
    'Mike-hd123@qq.com',
    2,
    '3168908115',
    '123.jpg',
    0
  ),(
    588,
    '3168908116',
    'e10adc3949ba59abbe56e057f20f883e',
    'Mike-hd123@qq.com',
    2,
    '3168908116',
    '123.jpg',
    0
  ),(
    589,
    '3168908117',
    'e10adc3949ba59abbe56e057f20f883e',
    'Mike-hd123@qq.com',
    2,
    '3168908117',
    '123.jpg',
    0
  ),(
    590,
    '3168908118',
    'e10adc3949ba59abbe56e057f20f883e',
    'Mike-hd123@qq.com',
    2,
    '3168908118',
    '123.jpg',
    0
  ),(
    591,
    '3168908119',
    'e10adc3949ba59abbe56e057f20f883e',
    'Mike-hd123@qq.com',
    2,
    '3168908119',
    '123.jpg',
    0
  ),(
    592,
    '3168908120',
    'e10adc3949ba59abbe56e057f20f883e',
    'Mike-hd123@qq.com',
    2,
    '3168908120',
    '123.jpg',
    0
  ),(
    593,
    '3168908121',
    'e10adc3949ba59abbe56e057f20f883e',
    'Mike-hd123@qq.com',
    2,
    '3168908121',
    '123.jpg',
    0
  ),(
    594,
    '3168908122',
    'e10adc3949ba59abbe56e057f20f883e',
    'Mike-hd123@qq.com',
    2,
    '3168908122',
    '123.jpg',
    0
  ),(
    595,
    '3168908123',
    'e10adc3949ba59abbe56e057f20f883e',
    'Mike-hd123@qq.com',
    2,
    '3168908123',
    '123.jpg',
    0
  ),(
    596,
    '3168908124',
    'e10adc3949ba59abbe56e057f20f883e',
    'Mike-hd123@qq.com',
    2,
    '3168908124',
    '123.jpg',
    0
  ),(
    597,
    '3168908125',
    'e10adc3949ba59abbe56e057f20f883e',
    'Mike-hd123@qq.com',
    2,
    '3168908125',
    '123.jpg',
    0
  ),(
    598,
    '3168908126',
    'e10adc3949ba59abbe56e057f20f883e',
    'Mike-hd123@qq.com',
    2,
    '3168908126',
    '123.jpg',
    0
  ),(
    599,
    '3168908127',
    'e10adc3949ba59abbe56e057f20f883e',
    'Mike-hd123@qq.com',
    2,
    '3168908127',
    '123.jpg',
    0
  ),(
    600,
    '3168908128',
    'e10adc3949ba59abbe56e057f20f883e',
    'Mike-hd123@qq.com',
    2,
    '3168908128',
    '123.jpg',
    0
  ),(
    601,
    '3168908129',
    'e10adc3949ba59abbe56e057f20f883e',
    'Mike-hd123@qq.com',
    2,
    '3168908129',
    '123.jpg',
    0
  ),(
    602,
    '3168908130',
    'e10adc3949ba59abbe56e057f20f883e',
    'Mike-hd123@qq.com',
    2,
    '3168908130',
    '123.jpg',
    0
  ),(
    603,
    '3168909101',
    'e10adc3949ba59abbe56e057f20f883e',
    'Mike-hd123@qq.com',
    2,
    '3168909101',
    '123.jpg',
    0
  ),(
    604,
    '3168909102',
    'e10adc3949ba59abbe56e057f20f883e',
    'Mike-hd123@qq.com',
    2,
    '3168909102',
    '123.jpg',
    0
  ),(
    605,
    '3168909103',
    'e10adc3949ba59abbe56e057f20f883e',
    'Mike-hd123@qq.com',
    2,
    '3168909103',
    '123.jpg',
    0
  ),(
    606,
    '3168909104',
    'e10adc3949ba59abbe56e057f20f883e',
    'Mike-hd123@qq.com',
    2,
    '3168909104',
    '123.jpg',
    0
  ),(
    607,
    '3168909105',
    'e10adc3949ba59abbe56e057f20f883e',
    'Mike-hd123@qq.com',
    2,
    '3168909105',
    '123.jpg',
    0
  ),(
    608,
    '3168909106',
    'e10adc3949ba59abbe56e057f20f883e',
    'Mike-hd123@qq.com',
    2,
    '3168909106',
    '123.jpg',
    0
  ),(
    609,
    '3168909107',
    'e10adc3949ba59abbe56e057f20f883e',
    'Mike-hd123@qq.com',
    2,
    '3168909107',
    '123.jpg',
    0
  ),(
    610,
    '3168909108',
    'e10adc3949ba59abbe56e057f20f883e',
    'Mike-hd123@qq.com',
    2,
    '3168909108',
    '123.jpg',
    0
  ),(
    611,
    '3168909109',
    'e10adc3949ba59abbe56e057f20f883e',
    'Mike-hd123@qq.com',
    2,
    '3168909109',
    '123.jpg',
    0
  ),(
    612,
    '3168909110',
    'e10adc3949ba59abbe56e057f20f883e',
    'Mike-hd123@qq.com',
    2,
    '3168909110',
    '123.jpg',
    0
  ),(
    613,
    '3168909111',
    'e10adc3949ba59abbe56e057f20f883e',
    'Mike-hd123@qq.com',
    2,
    '3168909111',
    '123.jpg',
    0
  ),(
    614,
    '3168909112',
    'e10adc3949ba59abbe56e057f20f883e',
    'Mike-hd123@qq.com',
    2,
    '3168909112',
    '123.jpg',
    0
  ),(
    615,
    '3168909113',
    'e10adc3949ba59abbe56e057f20f883e',
    'Mike-hd123@qq.com',
    2,
    '3168909113',
    '123.jpg',
    0
  ),(
    616,
    '3168909114',
    'e10adc3949ba59abbe56e057f20f883e',
    'Mike-hd123@qq.com',
    2,
    '3168909114',
    '123.jpg',
    0
  ),(
    617,
    '3168909115',
    'e10adc3949ba59abbe56e057f20f883e',
    'Mike-hd123@qq.com',
    2,
    '3168909115',
    '123.jpg',
    0
  ),(
    618,
    '3168909116',
    'e10adc3949ba59abbe56e057f20f883e',
    'Mike-hd123@qq.com',
    2,
    '3168909116',
    '123.jpg',
    0
  ),(
    619,
    '3168909117',
    'e10adc3949ba59abbe56e057f20f883e',
    'Mike-hd123@qq.com',
    2,
    '3168909117',
    '123.jpg',
    0
  ),(
    620,
    '3168909118',
    'e10adc3949ba59abbe56e057f20f883e',
    'Mike-hd123@qq.com',
    2,
    '3168909118',
    '123.jpg',
    0
  ),(
    621,
    '3168909119',
    'e10adc3949ba59abbe56e057f20f883e',
    'Mike-hd123@qq.com',
    2,
    '3168909119',
    '123.jpg',
    0
  ),(
    622,
    '3168909120',
    'e10adc3949ba59abbe56e057f20f883e',
    'Mike-hd123@qq.com',
    2,
    '3168909120',
    '123.jpg',
    0
  ),(
    623,
    '3168909121',
    'e10adc3949ba59abbe56e057f20f883e',
    'Mike-hd123@qq.com',
    2,
    '3168909121',
    '123.jpg',
    0
  ),(
    624,
    '3168909122',
    'e10adc3949ba59abbe56e057f20f883e',
    'Mike-hd123@qq.com',
    2,
    '3168909122',
    '123.jpg',
    0
  ),(
    625,
    '3168909123',
    'e10adc3949ba59abbe56e057f20f883e',
    'Mike-hd123@qq.com',
    2,
    '3168909123',
    '123.jpg',
    0
  ),(
    626,
    '3168909124',
    'e10adc3949ba59abbe56e057f20f883e',
    'Mike-hd123@qq.com',
    2,
    '3168909124',
    '123.jpg',
    0
  ),(
    627,
    '3168909125',
    'e10adc3949ba59abbe56e057f20f883e',
    'Mike-hd123@qq.com',
    2,
    '3168909125',
    '123.jpg',
    0
  ),(
    628,
    '3168909126',
    'e10adc3949ba59abbe56e057f20f883e',
    'Mike-hd123@qq.com',
    2,
    '3168909126',
    '123.jpg',
    0
  ),(
    629,
    '3168909127',
    'e10adc3949ba59abbe56e057f20f883e',
    'Mike-hd123@qq.com',
    2,
    '3168909127',
    '123.jpg',
    0
  ),(
    630,
    '3168909128',
    'e10adc3949ba59abbe56e057f20f883e',
    'Mike-hd123@qq.com',
    2,
    '3168909128',
    '123.jpg',
    0
  ),(
    631,
    '3168909129',
    'e10adc3949ba59abbe56e057f20f883e',
    'Mike-hd123@qq.com',
    2,
    '3168909129',
    '123.jpg',
    0
  ),(
    632,
    '3168909130',
    'e10adc3949ba59abbe56e057f20f883e',
    'Mike-hd123@qq.com',
    2,
    '3168909130',
    '123.jpg',
    0
  );